,comment_length,count
0,0,1
1,1,2218
2,2,4237
3,3,5846
4,4,21528
5,5,8298
6,6,5375
7,7,5391
8,8,7502
9,9,66464
10,10,6521
11,11,7369
12,12,8188
13,13,8423
14,14,7484
15,15,7701
16,16,7843
17,17,7703
18,18,8228
19,19,7811
20,20,7611
21,21,7512
22,22,7932
23,23,7338
24,24,7411
25,25,7487
26,26,7324
27,27,7454
28,28,7391
29,29,7303
30,30,7203
31,31,6925
32,32,6961
33,33,6682
34,34,6780
35,35,6553
36,36,6464
37,37,6399
38,38,6160
39,39,6153
40,40,6011
41,41,5965
42,42,5997
43,43,5599
44,44,5649
45,45,5606
46,46,5430
47,47,5225
48,48,5186
49,49,5144
50,50,4919
51,51,4952
52,52,4871
53,53,4656
54,54,4720
55,55,4581
56,56,4487
57,57,4400
58,58,4247
59,59,4217
60,60,4228
61,61,4122
62,62,3959
63,63,4067
64,64,3880
65,65,3790
66,66,3817
67,67,3712
68,68,3651
69,69,3648
70,70,3546
71,71,3527
72,72,3466
73,73,3379
74,74,3497
75,75,3321
76,76,3261
77,77,3150
78,78,3201
79,79,3061
80,80,2999
81,81,2939
82,82,2994
83,83,2947
84,84,2873
85,85,2709
86,86,2838
87,87,2685
88,88,2670
89,89,2685
90,90,2593
91,91,2569
92,92,2597
93,93,2459
94,94,2425
95,95,2359
96,96,2446
97,97,2330
98,98,2244
99,99,2261
100,100,2268
101,101,2278
102,102,2187
103,103,2155
104,104,2121
105,105,2110
106,106,2065
107,107,2014
108,108,2088
109,109,2045
110,110,1929
111,111,1986
112,112,1844
113,113,1897
114,114,1956
115,115,1799
116,116,1875
117,117,1726
118,118,1735
119,119,1825
120,120,1690
121,121,1814
122,122,1678
123,123,1660
124,124,1569
125,125,1699
126,126,1640
127,127,1575
128,128,1543
129,129,1476
130,130,1539
131,131,1516
132,132,1556
133,133,1469
134,134,1482
135,135,1453
136,136,1445
137,137,1404
138,138,1427
139,139,1438
140,140,1388
141,141,1280
142,142,1329
143,143,1291
144,144,1295
145,145,1309
146,146,1251
147,147,1224
148,148,1246
149,149,1211
150,150,1233
151,151,1252
152,152,1168
153,153,1179
154,154,1272
155,155,1109
156,156,1149
157,157,1127
158,158,1145
159,159,1151
160,160,1104
161,161,1079
162,162,1106
163,163,1123
164,164,1061
165,165,1061
166,166,1061
167,167,1039
168,168,1025
169,169,1025
170,170,1005
171,171,982
172,172,977
173,173,976
174,174,942
175,175,1005
176,176,924
177,177,935
178,178,957
179,179,912
180,180,886
181,181,913
182,182,890
183,183,861
184,184,887
185,185,883
186,186,886
187,187,842
188,188,879
189,189,879
190,190,856
191,191,976
192,192,841
193,193,854
194,194,777
195,195,773
196,196,806
197,197,753
198,198,808
199,199,740
200,200,752
201,201,749
202,202,730
203,203,779
204,204,754
205,205,724
206,206,759
207,207,719
208,208,688
209,209,704
210,210,679
211,211,697
212,212,706
213,213,679
214,214,687
215,215,710
216,216,689
217,217,628
218,218,627
219,219,644
220,220,639
221,221,642
222,222,677
223,223,631
224,224,601
225,225,670
226,226,629
227,227,652
228,228,599
229,229,606
230,230,662
231,231,575
232,232,619
233,233,872
234,234,618
235,235,590
236,236,600
237,237,612
238,238,589
239,239,581
240,240,571
241,241,569
242,242,556
243,243,564
244,244,577
245,245,522
246,246,502
247,247,502
248,248,540
249,249,488
250,250,529
251,251,482
252,252,480
253,253,527
254,254,494
255,255,490
256,256,524
257,257,506
258,258,521
259,259,520
260,260,503
261,261,471
262,262,474
263,263,460
264,264,526
265,265,474
266,266,432
267,267,472
268,268,430
269,269,479
270,270,445
271,271,470
272,272,485
273,273,460
274,274,481
275,275,458
276,276,435
277,277,440
278,278,424
279,279,426
280,280,453
281,281,425
282,282,407
283,283,427
284,284,435
285,285,391
286,286,388
287,287,415
288,288,407
289,289,406
290,290,418
291,291,388
292,292,377
293,293,403
294,294,419
295,295,430
296,296,421
297,297,388
298,298,376
299,299,365
300,300,389
301,301,360
302,302,405
303,303,404
304,304,405
305,305,388
306,306,363
307,307,359
308,308,386
309,309,377
310,310,380
311,311,356
312,312,344
313,313,381
314,314,321
315,315,336
316,316,371
317,317,329
318,318,337
319,319,352
320,320,342
321,321,343
322,322,348
323,323,328
324,324,361
325,325,350
326,326,339
327,327,325
328,328,335
329,329,327
330,330,305
331,331,298
332,332,316
333,333,306
334,334,325
335,335,303
336,336,331
337,337,307
338,338,326
339,339,331
340,340,306
341,341,294
342,342,281
343,343,277
344,344,337
345,345,293
346,346,257
347,347,284
348,348,297
349,349,307
350,350,282
351,351,266
352,352,262
353,353,277
354,354,280
355,355,295
356,356,267
357,357,294
358,358,280
359,359,275
360,360,297
361,361,244
362,362,282
363,363,252
364,364,236
365,365,243
366,366,252
367,367,262
368,368,272
369,369,265
370,370,248
371,371,221
372,372,277
373,373,266
374,374,246
375,375,262
376,376,248
377,377,239
378,378,242
379,379,254
380,380,280
381,381,222
382,382,251
383,383,249
384,384,239
385,385,213
386,386,253
387,387,239
388,388,236
389,389,233
390,390,214
391,391,267
392,392,253
393,393,201
394,394,223
395,395,212
396,396,221
397,397,205
398,398,225
399,399,234
400,400,230
401,401,204
402,402,195
403,403,224
404,404,228
405,405,225
406,406,224
407,407,230
408,408,235
409,409,233
410,410,207
411,411,214
412,412,249
413,413,216
414,414,206
415,415,218
416,416,224
417,417,196
418,418,223
419,419,202
420,420,211
421,421,189
422,422,197
423,423,193
424,424,188
425,425,186
426,426,199
427,427,217
428,428,212
429,429,196
430,430,181
431,431,196
432,432,207
433,433,189
434,434,203
435,435,219
436,436,199
437,437,194
438,438,210
439,439,183
440,440,168
441,441,189
442,442,183
443,443,165
444,444,181
445,445,184
446,446,171
447,447,195
448,448,185
449,449,187
450,450,184
451,451,175
452,452,164
453,453,169
454,454,188
455,455,195
456,456,163
457,457,177
458,458,175
459,459,145
460,460,164
461,461,167
462,462,194
463,463,178
464,464,180
465,465,176
466,466,169
467,467,149
468,468,196
469,469,179
470,470,147
471,471,186
472,472,180
473,473,164
474,474,138
475,475,149
476,476,165
477,477,143
478,478,160
479,479,164
480,480,157
481,481,150
482,482,159
483,483,138
484,484,151
485,485,135
486,486,157
487,487,140
488,488,141
489,489,155
490,490,161
491,491,157
492,492,137
493,493,169
494,494,165
495,495,146
496,496,139
497,497,148
498,498,121
499,499,155
500,500,142
501,501,134
502,502,148
503,503,152
504,504,148
505,505,141
506,506,131
507,507,128
508,508,132
509,509,138
510,510,112
511,511,129
512,512,138
513,513,147
514,514,143
515,515,134
516,516,141
517,517,141
518,518,138
519,519,116
520,520,122
521,521,127
522,522,123
523,523,147
524,524,138
525,525,119
526,526,144
527,527,135
528,528,136
529,529,119
530,530,123
531,531,113
532,532,125
533,533,126
534,534,133
535,535,134
536,536,111
537,537,132
538,538,118
539,539,126
540,540,133
541,541,145
542,542,124
543,543,136
544,544,133
545,545,126
546,546,113
547,547,118
548,548,116
549,549,115
550,550,128
551,551,122
552,552,127
553,553,113
554,554,107
555,555,125
556,556,105
557,557,125
558,558,111
559,559,140
560,560,102
561,561,129
562,562,109
563,563,113
564,564,130
565,565,116
566,566,126
567,567,119
568,568,106
569,569,111
570,570,112
571,571,108
572,572,109
573,573,117
574,574,104
575,575,99
576,576,113
577,577,107
578,578,116
579,579,107
580,580,109
581,581,129
582,582,103
583,583,119
584,584,93
585,585,123
586,586,93
587,587,106
588,588,92
589,589,89
590,590,101
591,591,87
592,592,97
593,593,108
594,594,107
595,595,99
596,596,84
597,597,89
598,598,99
599,599,97
600,600,98
601,601,122
602,602,126
603,603,95
604,604,103
605,605,93
606,606,91
607,607,88
608,608,109
609,609,80
610,610,91
611,611,118
612,612,88
613,613,101
614,614,116
615,615,101
616,616,90
617,617,99
618,618,71
619,619,115
620,620,94
621,621,104
622,622,100
623,623,74
624,624,93
625,625,100
626,626,90
627,627,97
628,628,96
629,629,98
630,630,96
631,631,81
632,632,84
633,633,104
634,634,95
635,635,93
636,636,64
637,637,89
638,638,111
639,639,98
640,640,81
641,641,92
642,642,73
643,643,77
644,644,81
645,645,84
646,646,68
647,647,80
648,648,92
649,649,84
650,650,78
651,651,81
652,652,93
653,653,80
654,654,83
655,655,89
656,656,81
657,657,77
658,658,88
659,659,76
660,660,89
661,661,93
662,662,69
663,663,83
664,664,67
665,665,64
666,666,91
667,667,84
668,668,87
669,669,72
670,670,85
671,671,87
672,672,91
673,673,77
674,674,81
675,675,77
676,676,90
677,677,71
678,678,66
679,679,68
680,680,62
681,681,90
682,682,64
683,683,78
684,684,71
685,685,67
686,686,81
687,687,75
688,688,61
689,689,70
690,690,73
691,691,80
692,692,86
693,693,67
694,694,82
695,695,63
696,696,66
697,697,59
698,698,84
699,699,85
700,700,64
701,701,62
702,702,74
703,703,73
704,704,48
705,705,54
706,706,65
707,707,77
708,708,65
709,709,66
710,710,54
711,711,67
712,712,58
713,713,69
714,714,62
715,715,63
716,716,63
717,717,74
718,718,62
719,719,78
720,720,50
721,721,73
722,722,63
723,723,64
724,724,77
725,725,74
726,726,67
727,727,86
728,728,49
729,729,72
730,730,62
731,731,57
732,732,62
733,733,58
734,734,68
735,735,76
736,736,69
737,737,64
738,738,61
739,739,55
740,740,52
741,741,69
742,742,58
743,743,65
744,744,68
745,745,46
746,746,54
747,747,79
748,748,75
749,749,56
750,750,63
751,751,47
752,752,54
753,753,50
754,754,56
755,755,57
756,756,53
757,757,65
758,758,45
759,759,65
760,760,61
761,761,55
762,762,60
763,763,69
764,764,68
765,765,60
766,766,80
767,767,64
768,768,52
769,769,66
770,770,57
771,771,60
772,772,65
773,773,59
774,774,61
775,775,54
776,776,53
777,777,49
778,778,48
779,779,59
780,780,43
781,781,67
782,782,57
783,783,47
784,784,54
785,785,54
786,786,45
787,787,60
788,788,52
789,789,52
790,790,53
791,791,48
792,792,54
793,793,43
794,794,44
795,795,54
796,796,53
797,797,45
798,798,34
799,799,49
800,800,67
801,801,48
802,802,48
803,803,51
804,804,63
805,805,50
806,806,55
807,807,52
808,808,51
809,809,53
810,810,51
811,811,46
812,812,64
813,813,60
814,814,50
815,815,57
816,816,60
817,817,60
818,818,59
819,819,38
820,820,51
821,821,56
822,822,57
823,823,56
824,824,43
825,825,58
826,826,49
827,827,41
828,828,47
829,829,43
830,830,43
831,831,49
832,832,61
833,833,50
834,834,59
835,835,54
836,836,60
837,837,73
838,838,34
839,839,44
840,840,48
841,841,38
842,842,45
843,843,61
844,844,47
845,845,39
846,846,53
847,847,45
848,848,45
849,849,59
850,850,51
851,851,39
852,852,44
853,853,53
854,854,48
855,855,40
856,856,47
857,857,53
858,858,50
859,859,38
860,860,51
861,861,52
862,862,39
863,863,45
864,864,40
865,865,36
866,866,40
867,867,51
868,868,51
869,869,45
870,870,31
871,871,68
872,872,45
873,873,50
874,874,31
875,875,44
876,876,44
877,877,47
878,878,43
879,879,40
880,880,54
881,881,45
882,882,39
883,883,55
884,884,47
885,885,45
886,886,38
887,887,36
888,888,37
889,889,38
890,890,36
891,891,35
892,892,43
893,893,46
894,894,49
895,895,45
896,896,50
897,897,33
898,898,33
899,899,43
900,900,35
901,901,36
902,902,46
903,903,39
904,904,31
905,905,44
906,906,34
907,907,37
908,908,34
909,909,47
910,910,42
911,911,29
912,912,33
913,913,36
914,914,47
915,915,41
916,916,31
917,917,53
918,918,36
919,919,43
920,920,28
921,921,46
922,922,43
923,923,40
924,924,36
925,925,30
926,926,44
927,927,36
928,928,49
929,929,44
930,930,35
931,931,43
932,932,33
933,933,35
934,934,38
935,935,42
936,936,26
937,937,39
938,938,28
939,939,36
940,940,37
941,941,38
942,942,35
943,943,26
944,944,36
945,945,38
946,946,34
947,947,37
948,948,48
949,949,24
950,950,45
951,951,28
952,952,40
953,953,25
954,954,44
955,955,31
956,956,34
957,957,34
958,958,49
959,959,35
960,960,36
961,961,24
962,962,31
963,963,29
964,964,30
965,965,31
966,966,31
967,967,36
968,968,31
969,969,30
970,970,32
971,971,31
972,972,31
973,973,34
974,974,39
975,975,43
976,976,30
977,977,30
978,978,27
979,979,34
980,980,34
981,981,33
982,982,23
983,983,30
984,984,30
985,985,25
986,986,27
987,987,27
988,988,32
989,989,29
990,990,27
991,991,38
992,992,29
993,993,20
994,994,35
995,995,26
996,996,42
997,997,37
998,998,33
999,999,26
1000,1000,35
1001,1001,36
1002,1002,35
1003,1003,32
1004,1004,36
1005,1005,27
1006,1006,25
1007,1007,37
1008,1008,32
1009,1009,35
1010,1010,44
1011,1011,25
1012,1012,34
1013,1013,34
1014,1014,36
1015,1015,29
1016,1016,21
1017,1017,19
1018,1018,28
1019,1019,26
1020,1020,39
1021,1021,28
1022,1022,30
1023,1023,30
1024,1024,25
1025,1025,24
1026,1026,31
1027,1027,22
1028,1028,27
1029,1029,18
1030,1030,28
1031,1031,26
1032,1032,51
1033,1033,34
1034,1034,32
1035,1035,34
1036,1036,25
1037,1037,31
1038,1038,28
1039,1039,36
1040,1040,37
1041,1041,16
1042,1042,28
1043,1043,26
1044,1044,29
1045,1045,25
1046,1046,30
1047,1047,26
1048,1048,22
1049,1049,37
1050,1050,32
1051,1051,24
1052,1052,28
1053,1053,31
1054,1054,19
1055,1055,15
1056,1056,24
1057,1057,26
1058,1058,41
1059,1059,31
1060,1060,28
1061,1061,24
1062,1062,21
1063,1063,27
1064,1064,28
1065,1065,24
1066,1066,35
1067,1067,31
1068,1068,31
1069,1069,29
1070,1070,29
1071,1071,29
1072,1072,25
1073,1073,32
1074,1074,23
1075,1075,28
1076,1076,30
1077,1077,25
1078,1078,24
1079,1079,22
1080,1080,28
1081,1081,29
1082,1082,23
1083,1083,18
1084,1084,25
1085,1085,19
1086,1086,32
1087,1087,25
1088,1088,22
1089,1089,24
1090,1090,25
1091,1091,25
1092,1092,23
1093,1093,29
1094,1094,22
1095,1095,25
1096,1096,35
1097,1097,41
1098,1098,27
1099,1099,27
1100,1100,23
1101,1101,23
1102,1102,30
1103,1103,26
1104,1104,30
1105,1105,21
1106,1106,33
1107,1107,29
1108,1108,19
1109,1109,26
1110,1110,31
1111,1111,32
1112,1112,25
1113,1113,21
1114,1114,25
1115,1115,23
1116,1116,21
1117,1117,17
1118,1118,22
1119,1119,33
1120,1120,28
1121,1121,23
1122,1122,30
1123,1123,17
1124,1124,15
1125,1125,24
1126,1126,26
1127,1127,25
1128,1128,35
1129,1129,22
1130,1130,21
1131,1131,25
1132,1132,19
1133,1133,20
1134,1134,33
1135,1135,16
1136,1136,16
1137,1137,23
1138,1138,22
1139,1139,34
1140,1140,23
1141,1141,21
1142,1142,28
1143,1143,19
1144,1144,21
1145,1145,24
1146,1146,17
1147,1147,25
1148,1148,20
1149,1149,34
1150,1150,20
1151,1151,25
1152,1152,27
1153,1153,28
1154,1154,24
1155,1155,25
1156,1156,25
1157,1157,21
1158,1158,19
1159,1159,21
1160,1160,13
1161,1161,22
1162,1162,30
1163,1163,13
1164,1164,19
1165,1165,18
1166,1166,22
1167,1167,15
1168,1168,25
1169,1169,19
1170,1170,14
1171,1171,24
1172,1172,27
1173,1173,24
1174,1174,20
1175,1175,23
1176,1176,26
1177,1177,29
1178,1178,19
1179,1179,28
1180,1180,23
1181,1181,18
1182,1182,23
1183,1183,25
1184,1184,19
1185,1185,24
1186,1186,14
1187,1187,16
1188,1188,23
1189,1189,29
1190,1190,16
1191,1191,21
1192,1192,29
1193,1193,21
1194,1194,24
1195,1195,14
1196,1196,17
1197,1197,20
1198,1198,21
1199,1199,17
1200,1200,21
1201,1201,16
1202,1202,20
1203,1203,25
1204,1204,18
1205,1205,12
1206,1206,21
1207,1207,18
1208,1208,19
1209,1209,20
1210,1210,27
1211,1211,26
1212,1212,26
1213,1213,17
1214,1214,22
1215,1215,19
1216,1216,16
1217,1217,21
1218,1218,25
1219,1219,13
1220,1220,26
1221,1221,16
1222,1222,13
1223,1223,16
1224,1224,21
1225,1225,15
1226,1226,23
1227,1227,20
1228,1228,20
1229,1229,20
1230,1230,15
1231,1231,16
1232,1232,18
1233,1233,14
1234,1234,22
1235,1235,21
1236,1236,18
1237,1237,34
1238,1238,17
1239,1239,16
1240,1240,21
1241,1241,15
1242,1242,21
1243,1243,15
1244,1244,18
1245,1245,6
1246,1246,18
1247,1247,9
1248,1248,18
1249,1249,25
1250,1250,19
1251,1251,26
1252,1252,24
1253,1253,26
1254,1254,20
1255,1255,14
1256,1256,14
1257,1257,17
1258,1258,14
1259,1259,24
1260,1260,16
1261,1261,15
1262,1262,15
1263,1263,16
1264,1264,16
1265,1265,18
1266,1266,14
1267,1267,21
1268,1268,13
1269,1269,22
1270,1270,27
1271,1271,18
1272,1272,11
1273,1273,16
1274,1274,15
1275,1275,16
1276,1276,20
1277,1277,18
1278,1278,18
1279,1279,11
1280,1280,19
1281,1281,23
1282,1282,16
1283,1283,18
1284,1284,12
1285,1285,20
1286,1286,16
1287,1287,22
1288,1288,23
1289,1289,22
1290,1290,18
1291,1291,8
1292,1292,16
1293,1293,10
1294,1294,23
1295,1295,14
1296,1296,19
1297,1297,23
1298,1298,15
1299,1299,16
1300,1300,17
1301,1301,18
1302,1302,15
1303,1303,15
1304,1304,14
1305,1305,12
1306,1306,18
1307,1307,18
1308,1308,20
1309,1309,9
1310,1310,14
1311,1311,17
1312,1312,12
1313,1313,9
1314,1314,19
1315,1315,13
1316,1316,13
1317,1317,20
1318,1318,20
1319,1319,17
1320,1320,12
1321,1321,18
1322,1322,15
1323,1323,10
1324,1324,15
1325,1325,18
1326,1326,14
1327,1327,15
1328,1328,9
1329,1329,16
1330,1330,16
1331,1331,16
1332,1332,10
1333,1333,13
1334,1334,16
1335,1335,6
1336,1336,15
1337,1337,9
1338,1338,14
1339,1339,10
1340,1340,12
1341,1341,5
1342,1342,16
1343,1343,6
1344,1344,19
1345,1345,8
1346,1346,20
1347,1347,16
1348,1348,14
1349,1349,10
1350,1350,14
1351,1351,9
1352,1352,16
1353,1353,12
1354,1354,22
1355,1355,15
1356,1356,13
1357,1357,12
1358,1358,13
1359,1359,14
1360,1360,17
1361,1361,16
1362,1362,20
1363,1363,14
1364,1364,14
1365,1365,16
1366,1366,10
1367,1367,5
1368,1368,14
1369,1369,13
1370,1370,11
1371,1371,7
1372,1372,14
1373,1373,20
1374,1374,16
1375,1375,18
1376,1376,12
1377,1377,15
1378,1378,14
1379,1379,12
1380,1380,11
1381,1381,11
1382,1382,10
1383,1383,12
1384,1384,20
1385,1385,13
1386,1386,17
1387,1387,12
1388,1388,11
1389,1389,15
1390,1390,14
1391,1391,15
1392,1392,18
1393,1393,8
1394,1394,16
1395,1395,18
1396,1396,9
1397,1397,12
1398,1398,19
1399,1399,12
1400,1400,10
1401,1401,8
1402,1402,14
1403,1403,11
1404,1404,17
1405,1405,10
1406,1406,15
1407,1407,13
1408,1408,19
1409,1409,13
1410,1410,9
1411,1411,9
1412,1412,10
1413,1413,14
1414,1414,15
1415,1415,13
1416,1416,11
1417,1417,11
1418,1418,17
1419,1419,6
1420,1420,13
1421,1421,14
1422,1422,13
1423,1423,17
1424,1424,10
1425,1425,11
1426,1426,9
1427,1427,8
1428,1428,8
1429,1429,12
1430,1430,15
1431,1431,17
1432,1432,12
1433,1433,10
1434,1434,13
1435,1435,10
1436,1436,9
1437,1437,9
1438,1438,12
1439,1439,10
1440,1440,21
1441,1441,11
1442,1442,8
1443,1443,5
1444,1444,9
1445,1445,11
1446,1446,9
1447,1447,6
1448,1448,9
1449,1449,15
1450,1450,8
1451,1451,8
1452,1452,11
1453,1453,14
1454,1454,9
1455,1455,6
1456,1456,10
1457,1457,9
1458,1458,14
1459,1459,10
1460,1460,12
1461,1461,14
1462,1462,11
1463,1463,8
1464,1464,11
1465,1465,11
1466,1466,8
1467,1467,13
1468,1468,12
1469,1469,14
1470,1470,13
1471,1471,9
1472,1472,6
1473,1473,8
1474,1474,13
1475,1475,11
1476,1476,17
1477,1477,10
1478,1478,10
1479,1479,20
1480,1480,10
1481,1481,9
1482,1482,3
1483,1483,11
1484,1484,4
1485,1485,7
1486,1486,11
1487,1487,8
1488,1488,9
1489,1489,10
1490,1490,8
1491,1491,16
1492,1492,7
1493,1493,8
1494,1494,14
1495,1495,11
1496,1496,11
1497,1497,14
1498,1498,12
1499,1499,15
1500,1500,17
1501,1501,15
1502,1502,7
1503,1503,12
1504,1504,6
1505,1505,11
1506,1506,8
1507,1507,15
1508,1508,11
1509,1509,10
1510,1510,12
1511,1511,10
1512,1512,16
1513,1513,7
1514,1514,6
1515,1515,11
1516,1516,15
1517,1517,19
1518,1518,9
1519,1519,9
1520,1520,12
1521,1521,8
1522,1522,13
1523,1523,10
1524,1524,10
1525,1525,11
1526,1526,12
1527,1527,13
1528,1528,8
1529,1529,12
1530,1530,14
1531,1531,11
1532,1532,9
1533,1533,8
1534,1534,5
1535,1535,14
1536,1536,8
1537,1537,8
1538,1538,14
1539,1539,7
1540,1540,10
1541,1541,12
1542,1542,4
1543,1543,6
1544,1544,9
1545,1545,9
1546,1546,14
1547,1547,7
1548,1548,13
1549,1549,7
1550,1550,10
1551,1551,7
1552,1552,4
1553,1553,7
1554,1554,10
1555,1555,10
1556,1556,10
1557,1557,7
1558,1558,7
1559,1559,12
1560,1560,8
1561,1561,5
1562,1562,7
1563,1563,12
1564,1564,12
1565,1565,6
1566,1566,12
1567,1567,15
1568,1568,13
1569,1569,10
1570,1570,8
1571,1571,11
1572,1572,8
1573,1573,11
1574,1574,7
1575,1575,8
1576,1576,5
1577,1577,10
1578,1578,6
1579,1579,9
1580,1580,11
1581,1581,16
1582,1582,8
1583,1583,8
1584,1584,15
1585,1585,12
1586,1586,10
1587,1587,7
1588,1588,9
1589,1589,5
1590,1590,6
1591,1591,7
1592,1592,11
1593,1593,9
1594,1594,8
1595,1595,8
1596,1596,7
1597,1597,6
1598,1598,13
1599,1599,10
1600,1600,10
1601,1601,8
1602,1602,8
1603,1603,7
1604,1604,12
1605,1605,9
1606,1606,7
1607,1607,5
1608,1608,5
1609,1609,9
1610,1610,10
1611,1611,5
1612,1612,10
1613,1613,12
1614,1614,6
1615,1615,5
1616,1616,10
1617,1617,10
1618,1618,12
1619,1619,10
1620,1620,4
1621,1621,13
1622,1622,7
1623,1623,9
1624,1624,11
1625,1625,9
1626,1626,7
1627,1627,13
1628,1628,5
1629,1629,9
1630,1630,9
1631,1631,12
1632,1632,12
1633,1633,14
1634,1634,7
1635,1635,8
1636,1636,9
1637,1637,9
1638,1638,8
1639,1639,6
1640,1640,7
1641,1641,9
1642,1642,4
1643,1643,8
1644,1644,3
1645,1645,12
1646,1646,8
1647,1647,9
1648,1648,8
1649,1649,7
1650,1650,5
1651,1651,7
1652,1652,9
1653,1653,5
1654,1654,6
1655,1655,7
1656,1656,3
1657,1657,6
1658,1658,13
1659,1659,5
1660,1660,8
1661,1661,8
1662,1662,6
1663,1663,8
1664,1664,7
1665,1665,3
1666,1666,11
1667,1667,5
1668,1668,7
1669,1669,7
1670,1670,9
1671,1671,6
1672,1672,1
1673,1673,3
1674,1674,6
1675,1675,6
1676,1676,9
1677,1677,9
1678,1678,9
1679,1679,11
1680,1680,8
1681,1681,9
1682,1682,6
1683,1683,8
1684,1684,8
1685,1685,4
1686,1686,11
1687,1687,9
1688,1688,3
1689,1689,5
1690,1690,12
1691,1691,1
1692,1692,7
1693,1693,7
1694,1694,15
1695,1695,8
1696,1696,7
1697,1697,11
1698,1698,10
1699,1699,7
1700,1700,9
1701,1701,7
1702,1702,5
1703,1703,5
1704,1704,9
1705,1705,9
1706,1706,7
1707,1707,7
1708,1708,3
1709,1709,11
1710,1710,6
1711,1711,8
1712,1712,6
1713,1713,8
1714,1714,5
1715,1715,7
1716,1716,7
1717,1717,7
1718,1718,5
1719,1719,13
1720,1720,12
1721,1721,4
1722,1722,7
1723,1723,7
1724,1724,5
1725,1725,9
1726,1726,5
1727,1727,5
1728,1728,8
1729,1729,10
1730,1730,6
1731,1731,9
1732,1732,8
1733,1733,5
1734,1734,8
1735,1735,10
1736,1736,12
1737,1737,3
1738,1738,14
1739,1739,5
1740,1740,4
1741,1741,7
1742,1742,8
1743,1743,7
1744,1744,7
1745,1745,6
1746,1746,7
1747,1747,1
1748,1748,6
1749,1749,9
1750,1750,4
1751,1751,5
1752,1752,2
1753,1753,6
1754,1754,7
1755,1755,8
1756,1756,5
1757,1757,3
1758,1758,6
1759,1759,11
1760,1760,7
1761,1761,6
1762,1762,6
1763,1763,8
1764,1764,3
1765,1765,6
1766,1766,2
1767,1767,7
1768,1768,6
1769,1769,9
1770,1770,8
1771,1771,8
1772,1772,7
1773,1773,7
1774,1774,3
1775,1775,6
1776,1776,12
1777,1777,4
1778,1778,13
1779,1779,7
1780,1780,4
1781,1781,4
1782,1782,7
1783,1783,6
1784,1784,4
1785,1785,5
1786,1786,4
1787,1787,6
1788,1788,7
1789,1789,6
1790,1790,8
1791,1791,7
1792,1792,7
1793,1793,11
1794,1794,4
1795,1795,7
1796,1796,11
1797,1797,3
1798,1798,6
1799,1799,3
1800,1800,8
1801,1801,9
1802,1802,2
1803,1803,4
1804,1804,7
1805,1805,8
1806,1806,2
1807,1807,5
1808,1808,6
1809,1809,11
1810,1810,10
1811,1811,6
1812,1812,8
1813,1813,5
1814,1814,10
1815,1815,8
1816,1816,6
1817,1817,9
1818,1818,5
1819,1819,5
1820,1820,5
1821,1821,4
1822,1822,3
1823,1823,8
1824,1824,7
1825,1825,6
1826,1826,10
1827,1827,6
1828,1828,3
1829,1829,8
1830,1830,8
1831,1831,6
1832,1832,4
1833,1833,7
1834,1834,6
1835,1835,14
1836,1836,6
1837,1837,5
1838,1838,8
1839,1839,7
1840,1840,2
1841,1841,6
1842,1842,2
1843,1843,5
1844,1844,4
1845,1845,3
1846,1846,5
1847,1847,5
1848,1848,8
1849,1849,9
1850,1850,7
1851,1851,11
1852,1852,5
1853,1853,9
1854,1854,7
1855,1855,6
1856,1856,3
1857,1857,3
1858,1858,6
1859,1859,4
1860,1860,9
1861,1861,3
1862,1862,3
1863,1863,13
1864,1864,3
1865,1865,4
1866,1866,4
1867,1867,9
1868,1868,2
1869,1869,3
1870,1870,5
1871,1871,2
1872,1872,5
1873,1873,2
1874,1874,9
1875,1875,5
1876,1876,6
1877,1877,8
1878,1878,4
1879,1879,3
1880,1880,3
1881,1881,5
1882,1882,6
1883,1883,5
1884,1884,6
1885,1885,6
1886,1886,7
1887,1887,8
1888,1888,9
1889,1889,7
1890,1890,5
1891,1891,4
1892,1892,7
1893,1893,4
1894,1894,6
1895,1895,4
1896,1896,11
1897,1897,6
1898,1898,2
1899,1899,4
1900,1900,5
1901,1901,6
1902,1902,3
1903,1903,2
1904,1904,4
1905,1905,3
1906,1906,6
1907,1907,4
1908,1908,4
1909,1909,5
1910,1910,5
1911,1911,5
1912,1912,5
1913,1913,4
1914,1914,3
1915,1915,4
1916,1916,6
1917,1917,4
1918,1918,7
1919,1919,6
1920,1920,4
1921,1921,4
1922,1922,5
1923,1923,4
1924,1924,4
1925,1925,1
1926,1926,11
1927,1927,9
1928,1928,6
1929,1929,5
1930,1930,4
1931,1931,5
1932,1932,5
1933,1933,7
1934,1934,7
1935,1935,4
1936,1936,5
1937,1937,4
1938,1938,3
1939,1939,6
1940,1940,2
1941,1941,1
1942,1942,7
1943,1943,4
1944,1944,7
1945,1945,6
1946,1946,8
1947,1947,5
1948,1948,4
1949,1949,7
1950,1950,2
1951,1951,4
1952,1952,6
1953,1953,1
1954,1954,2
1955,1955,2
1956,1956,9
1957,1957,5
1958,1958,3
1959,1959,3
1960,1960,5
1961,1961,1
1962,1962,7
1963,1963,4
1964,1964,9
1965,1965,2
1966,1966,2
1967,1967,3
1968,1968,2
1969,1969,6
1970,1970,4
1971,1971,9
1972,1972,4
1973,1973,5
1974,1974,6
1975,1975,4
1976,1976,5
1977,1977,2
1978,1978,2
1979,1979,5
1980,1980,7
1981,1981,2
1982,1982,10
1983,1983,3
1984,1984,4
1985,1985,8
1986,1986,2
1987,1987,3
1988,1988,6
1989,1989,5
1990,1990,4
1991,1991,4
1992,1992,6
1993,1993,4
1994,1994,5
1995,1995,6
1996,1996,7
1997,1997,3
1998,1998,10
1999,1999,1
2000,2000,5
2001,2001,5
2002,2002,5
2003,2003,1
2004,2004,2
2005,2005,7
2006,2006,5
2007,2007,7
2008,2008,5
2009,2009,5
2010,2010,4
2011,2011,7
2012,2012,6
2013,2013,1
2014,2014,5
2015,2015,5
2016,2016,5
2017,2017,3
2018,2018,5
2019,2019,3
2020,2020,8
2021,2021,7
2022,2022,2
2023,2023,3
2024,2024,10
2025,2025,2
2026,2027,1
2027,2028,2
2028,2029,3
2029,2030,6
2030,2031,7
2031,2032,6
2032,2033,5
2033,2034,3
2034,2035,5
2035,2036,6
2036,2037,7
2037,2038,2
2038,2039,3
2039,2040,2
2040,2041,5
2041,2042,6
2042,2043,6
2043,2045,1
2044,2046,8
2045,2047,3
2046,2048,3
2047,2049,6
2048,2050,5
2049,2051,4
2050,2052,4
2051,2053,6
2052,2054,6
2053,2055,9
2054,2056,3
2055,2057,4
2056,2058,4
2057,2059,5
2058,2060,5
2059,2061,9
2060,2062,4
2061,2063,5
2062,2064,5
2063,2065,4
2064,2066,4
2065,2067,3
2066,2068,4
2067,2069,3
2068,2070,7
2069,2071,2
2070,2072,5
2071,2073,3
2072,2074,5
2073,2075,6
2074,2076,3
2075,2077,4
2076,2078,6
2077,2079,3
2078,2080,4
2079,2081,3
2080,2082,3
2081,2083,3
2082,2084,1
2083,2085,3
2084,2086,6
2085,2087,4
2086,2088,8
2087,2089,4
2088,2090,2
2089,2091,4
2090,2092,4
2091,2093,6
2092,2094,2
2093,2095,4
2094,2096,4
2095,2097,2
2096,2098,1
2097,2099,2
2098,2100,5
2099,2101,6
2100,2102,2
2101,2103,4
2102,2104,5
2103,2105,3
2104,2106,9
2105,2107,1
2106,2108,4
2107,2109,2
2108,2110,4
2109,2111,4
2110,2112,6
2111,2113,1
2112,2114,1
2113,2115,4
2114,2116,5
2115,2117,4
2116,2118,1
2117,2119,3
2118,2120,2
2119,2121,3
2120,2122,4
2121,2123,3
2122,2124,2
2123,2125,5
2124,2126,5
2125,2127,5
2126,2128,2
2127,2129,8
2128,2130,1
2129,2132,3
2130,2133,3
2131,2134,2
2132,2135,4
2133,2136,3
2134,2137,2
2135,2138,3
2136,2139,3
2137,2140,2
2138,2141,2
2139,2142,2
2140,2143,3
2141,2144,4
2142,2145,3
2143,2146,5
2144,2147,2
2145,2148,2
2146,2149,3
2147,2150,3
2148,2151,2
2149,2152,3
2150,2153,2
2151,2154,2
2152,2155,8
2153,2156,4
2154,2157,5
2155,2158,1
2156,2159,1
2157,2160,2
2158,2161,4
2159,2162,5
2160,2163,4
2161,2164,2
2162,2165,3
2163,2166,3
2164,2167,3
2165,2168,4
2166,2169,4
2167,2170,6
2168,2171,4
2169,2172,6
2170,2173,4
2171,2174,5
2172,2175,3
2173,2176,5
2174,2177,1
2175,2179,3
2176,2180,3
2177,2181,4
2178,2182,2
2179,2183,2
2180,2184,4
2181,2185,4
2182,2186,3
2183,2187,1
2184,2188,1
2185,2189,4
2186,2190,2
2187,2191,4
2188,2192,1
2189,2193,6
2190,2194,2
2191,2195,4
2192,2196,1
2193,2197,4
2194,2198,3
2195,2199,1
2196,2200,3
2197,2201,6
2198,2202,3
2199,2203,1
2200,2204,3
2201,2205,1
2202,2206,2
2203,2207,3
2204,2208,7
2205,2209,6
2206,2210,4
2207,2211,3
2208,2212,3
2209,2213,3
2210,2214,1
2211,2215,3
2212,2216,1
2213,2217,4
2214,2218,7
2215,2219,4
2216,2220,5
2217,2221,2
2218,2222,4
2219,2223,3
2220,2224,2
2221,2225,3
2222,2226,4
2223,2227,4
2224,2228,5
2225,2229,9
2226,2230,2
2227,2231,1
2228,2232,2
2229,2233,4
2230,2234,1
2231,2235,2
2232,2236,2
2233,2237,2
2234,2238,8
2235,2239,2
2236,2240,3
2237,2241,3
2238,2242,2
2239,2243,2
2240,2244,4
2241,2245,3
2242,2246,4
2243,2247,3
2244,2248,6
2245,2249,5
2246,2250,1
2247,2251,3
2248,2252,3
2249,2253,3
2250,2254,5
2251,2255,1
2252,2256,8
2253,2257,3
2254,2259,1
2255,2260,3
2256,2261,6
2257,2262,3
2258,2263,4
2259,2264,1
2260,2265,1
2261,2266,2
2262,2267,2
2263,2268,4
2264,2269,4
2265,2270,1
2266,2272,1
2267,2273,1
2268,2274,2
2269,2275,1
2270,2276,3
2271,2277,4
2272,2278,1
2273,2279,2
2274,2280,4
2275,2281,6
2276,2282,2
2277,2283,3
2278,2284,2
2279,2285,3
2280,2286,4
2281,2287,6
2282,2289,5
2283,2291,2
2284,2292,2
2285,2293,7
2286,2295,2
2287,2296,2
2288,2297,3
2289,2298,3
2290,2299,4
2291,2300,2
2292,2301,2
2293,2302,1
2294,2303,1
2295,2304,3
2296,2305,4
2297,2306,3
2298,2307,1
2299,2308,1
2300,2309,1
2301,2310,5
2302,2311,1
2303,2312,5
2304,2313,4
2305,2314,2
2306,2316,5
2307,2317,3
2308,2318,4
2309,2319,4
2310,2320,2
2311,2321,3
2312,2322,5
2313,2323,2
2314,2324,2
2315,2325,2
2316,2326,2
2317,2327,2
2318,2328,4
2319,2329,1
2320,2330,5
2321,2331,2
2322,2332,3
2323,2333,4
2324,2334,3
2325,2335,3
2326,2336,3
2327,2337,1
2328,2338,4
2329,2339,3
2330,2340,1
2331,2342,2
2332,2343,1
2333,2344,3
2334,2345,3
2335,2346,3
2336,2348,2
2337,2349,4
2338,2350,3
2339,2351,1
2340,2352,1
2341,2353,3
2342,2354,3
2343,2355,6
2344,2356,3
2345,2357,3
2346,2358,2
2347,2359,4
2348,2360,4
2349,2361,4
2350,2362,5
2351,2363,2
2352,2364,4
2353,2365,4
2354,2366,3
2355,2367,1
2356,2368,3
2357,2369,1
2358,2370,2
2359,2371,4
2360,2372,4
2361,2373,2
2362,2374,2
2363,2375,1
2364,2376,1
2365,2377,3
2366,2379,5
2367,2380,4
2368,2382,3
2369,2383,2
2370,2384,1
2371,2385,6
2372,2386,1
2373,2387,2
2374,2388,2
2375,2389,4
2376,2390,1
2377,2392,4
2378,2394,2
2379,2395,2
2380,2396,4
2381,2397,2
2382,2398,1
2383,2399,3
2384,2400,4
2385,2401,3
2386,2403,1
2387,2404,3
2388,2405,3
2389,2406,3
2390,2407,1
2391,2408,1
2392,2409,3
2393,2410,2
2394,2411,2
2395,2412,1
2396,2413,1
2397,2414,7
2398,2415,1
2399,2417,2
2400,2418,1
2401,2419,2
2402,2420,1
2403,2422,4
2404,2423,4
2405,2424,2
2406,2425,10
2407,2426,4
2408,2427,2
2409,2428,1
2410,2429,1
2411,2430,2
2412,2431,1
2413,2432,3
2414,2433,1
2415,2435,1
2416,2436,1
2417,2437,1
2418,2438,4
2419,2439,3
2420,2440,2
2421,2441,3
2422,2442,1
2423,2443,1
2424,2444,1
2425,2445,2
2426,2446,3
2427,2447,1
2428,2448,8
2429,2449,1
2430,2450,2
2431,2451,3
2432,2452,1
2433,2453,2
2434,2454,2
2435,2455,1
2436,2457,3
2437,2458,1
2438,2459,1
2439,2460,3
2440,2461,5
2441,2462,3
2442,2464,2
2443,2465,3
2444,2466,6
2445,2467,7
2446,2468,1
2447,2469,1
2448,2470,1
2449,2471,2
2450,2472,1
2451,2473,2
2452,2475,1
2453,2477,6
2454,2478,4
2455,2479,2
2456,2481,2
2457,2483,2
2458,2484,2
2459,2485,2
2460,2486,1
2461,2488,1
2462,2489,4
2463,2490,1
2464,2491,2
2465,2492,2
2466,2493,3
2467,2494,1
2468,2495,1
2469,2496,2
2470,2497,2
2471,2498,1
2472,2499,3
2473,2500,4
2474,2501,1
2475,2502,3
2476,2505,1
2477,2506,1
2478,2508,3
2479,2510,3
2480,2511,3
2481,2512,2
2482,2513,2
2483,2514,3
2484,2515,2
2485,2516,3
2486,2517,2
2487,2518,1
2488,2519,2
2489,2520,2
2490,2522,5
2491,2523,2
2492,2525,1
2493,2526,3
2494,2527,1
2495,2529,1
2496,2531,2
2497,2532,2
2498,2534,4
2499,2535,1
2500,2536,2
2501,2537,1
2502,2539,1
2503,2540,1
2504,2541,1
2505,2542,1
2506,2544,1
2507,2545,2
2508,2546,3
2509,2547,4
2510,2548,3
2511,2549,1
2512,2550,2
2513,2551,2
2514,2552,2
2515,2554,1
2516,2555,2
2517,2556,1
2518,2557,1
2519,2558,3
2520,2559,5
2521,2561,1
2522,2562,1
2523,2563,1
2524,2567,3
2525,2569,2
2526,2570,1
2527,2571,2
2528,2572,2
2529,2573,1
2530,2574,4
2531,2575,1
2532,2576,3
2533,2577,2
2534,2578,2
2535,2579,5
2536,2580,3
2537,2581,2
2538,2582,1
2539,2583,1
2540,2584,4
2541,2585,2
2542,2586,1
2543,2588,2
2544,2589,2
2545,2590,2
2546,2591,2
2547,2592,2
2548,2593,1
2549,2594,3
2550,2595,1
2551,2596,1
2552,2597,2
2553,2598,1
2554,2599,2
2555,2600,1
2556,2602,2
2557,2603,3
2558,2604,2
2559,2606,3
2560,2607,2
2561,2608,3
2562,2609,1
2563,2610,3
2564,2611,2
2565,2613,2
2566,2614,1
2567,2616,1
2568,2617,2
2569,2618,1
2570,2619,2
2571,2620,1
2572,2621,1
2573,2622,1
2574,2623,1
2575,2624,1
2576,2625,1
2577,2628,3
2578,2629,1
2579,2630,3
2580,2631,6
2581,2632,5
2582,2633,5
2583,2635,1
2584,2636,1
2585,2637,2
2586,2638,1
2587,2639,3
2588,2640,1
2589,2641,1
2590,2642,3
2591,2643,4
2592,2644,2
2593,2645,4
2594,2646,2
2595,2647,2
2596,2648,1
2597,2651,4
2598,2653,3
2599,2654,1
2600,2655,1
2601,2656,5
2602,2658,1
2603,2659,1
2604,2660,2
2605,2661,1
2606,2662,1
2607,2663,1
2608,2664,2
2609,2665,2
2610,2667,2
2611,2668,1
2612,2669,3
2613,2671,3
2614,2672,1
2615,2673,2
2616,2674,3
2617,2675,1
2618,2676,2
2619,2677,1
2620,2680,4
2621,2681,1
2622,2683,3
2623,2685,2
2624,2686,2
2625,2687,1
2626,2692,1
2627,2693,1
2628,2694,1
2629,2696,2
2630,2697,2
2631,2698,1
2632,2699,2
2633,2700,1
2634,2703,1
2635,2705,3
2636,2706,1
2637,2707,2
2638,2708,2
2639,2709,1
2640,2710,5
2641,2711,1
2642,2712,2
2643,2713,2
2644,2714,2
2645,2716,3
2646,2717,2
2647,2718,3
2648,2719,1
2649,2720,2
2650,2721,1
2651,2724,3
2652,2725,1
2653,2727,3
2654,2730,1
2655,2731,1
2656,2732,4
2657,2735,4
2658,2736,1
2659,2737,1
2660,2738,1
2661,2739,1
2662,2740,3
2663,2743,1
2664,2744,1
2665,2745,4
2666,2747,4
2667,2748,1
2668,2749,2
2669,2750,1
2670,2753,3
2671,2754,3
2672,2755,2
2673,2756,2
2674,2757,1
2675,2758,1
2676,2759,3
2677,2762,2
2678,2763,3
2679,2764,1
2680,2765,1
2681,2766,3
2682,2768,1
2683,2769,2
2684,2771,1
2685,2772,1
2686,2773,1
2687,2775,1
2688,2776,1
2689,2778,1
2690,2779,2
2691,2780,1
2692,2781,1
2693,2782,2
2694,2783,1
2695,2784,2
2696,2785,2
2697,2786,1
2698,2787,1
2699,2788,2
2700,2789,3
2701,2791,3
2702,2792,3
2703,2794,1
2704,2795,2
2705,2796,1
2706,2797,2
2707,2800,6
2708,2801,1
2709,2804,4
2710,2805,1
2711,2806,1
2712,2807,1
2713,2808,2
2714,2809,1
2715,2810,2
2716,2812,2
2717,2813,1
2718,2814,3
2719,2815,3
2720,2816,2
2721,2817,1
2722,2818,3
2723,2819,3
2724,2820,2
2725,2821,6
2726,2822,4
2727,2823,3
2728,2824,1
2729,2825,1
2730,2826,1
2731,2827,3
2732,2828,2
2733,2829,2
2734,2831,2
2735,2832,1
2736,2834,2
2737,2835,1
2738,2837,2
2739,2838,1
2740,2839,3
2741,2840,1
2742,2841,2
2743,2843,2
2744,2844,3
2745,2845,2
2746,2846,2
2747,2847,2
2748,2851,3
2749,2852,2
2750,2853,1
2751,2854,3
2752,2855,1
2753,2856,1
2754,2857,2
2755,2858,2
2756,2859,3
2757,2860,2
2758,2863,1
2759,2864,2
2760,2867,2
2761,2868,2
2762,2871,5
2763,2872,1
2764,2873,1
2765,2874,2
2766,2876,2
2767,2878,1
2768,2879,2
2769,2880,3
2770,2881,1
2771,2883,3
2772,2886,2
2773,2887,1
2774,2889,6
2775,2891,4
2776,2892,2
2777,2893,1
2778,2894,1
2779,2895,2
2780,2896,1
2781,2897,1
2782,2898,1
2783,2900,2
2784,2903,1
2785,2904,2
2786,2905,2
2787,2906,3
2788,2907,2
2789,2908,2
2790,2910,3
2791,2911,1
2792,2912,1
2793,2914,1
2794,2915,2
2795,2916,1
2796,2918,1
2797,2919,1
2798,2920,1
2799,2921,3
2800,2923,2
2801,2924,1
2802,2926,1
2803,2927,1
2804,2929,1
2805,2930,1
2806,2931,1
2807,2932,3
2808,2933,2
2809,2934,1
2810,2935,1
2811,2936,1
2812,2937,3
2813,2939,1
2814,2940,1
2815,2941,1
2816,2944,2
2817,2945,1
2818,2946,1
2819,2948,1
2820,2949,2
2821,2950,1
2822,2951,2
2823,2952,1
2824,2953,1
2825,2954,1
2826,2956,1
2827,2959,1
2828,2960,1
2829,2961,1
2830,2963,2
2831,2965,2
2832,2967,1
2833,2968,1
2834,2969,1
2835,2970,1
2836,2972,2
2837,2973,1
2838,2974,4
2839,2975,2
2840,2976,1
2841,2978,1
2842,2979,2
2843,2980,1
2844,2981,1
2845,2982,3
2846,2983,1
2847,2985,1
2848,2986,2
2849,2987,1
2850,2988,1
2851,2989,2
2852,2991,2
2853,2992,2
2854,2993,2
2855,2994,1
2856,2995,2
2857,2996,1
2858,2998,1
2859,3000,2
2860,3001,1
2861,3002,2
2862,3003,1
2863,3004,1
2864,3006,1
2865,3007,3
2866,3008,2
2867,3009,2
2868,3010,1
2869,3012,1
2870,3014,1
2871,3016,3
2872,3017,1
2873,3018,2
2874,3021,1
2875,3022,1
2876,3023,1
2877,3024,2
2878,3026,1
2879,3028,1
2880,3029,3
2881,3031,1
2882,3032,1
2883,3036,1
2884,3039,1
2885,3041,2
2886,3045,3
2887,3047,1
2888,3048,4
2889,3050,1
2890,3051,2
2891,3054,1
2892,3055,1
2893,3056,2
2894,3057,1
2895,3058,2
2896,3061,2
2897,3062,2
2898,3064,3
2899,3066,1
2900,3067,2
2901,3068,1
2902,3070,1
2903,3072,1
2904,3074,1
2905,3075,1
2906,3078,1
2907,3079,1
2908,3080,2
2909,3081,2
2910,3082,1
2911,3083,2
2912,3085,1
2913,3087,2
2914,3088,2
2915,3090,1
2916,3091,1
2917,3092,2
2918,3093,1
2919,3095,3
2920,3096,1
2921,3097,1
2922,3099,1
2923,3100,1
2924,3101,1
2925,3102,2
2926,3104,1
2927,3105,2
2928,3106,1
2929,3107,1
2930,3108,1
2931,3109,1
2932,3110,5
2933,3111,2
2934,3112,1
2935,3113,1
2936,3115,1
2937,3116,1
2938,3117,3
2939,3118,1
2940,3119,4
2941,3120,4
2942,3121,3
2943,3122,2
2944,3123,1
2945,3124,1
2946,3126,3
2947,3127,2
2948,3128,2
2949,3129,1
2950,3130,1
2951,3131,2
2952,3136,2
2953,3138,1
2954,3139,2
2955,3140,1
2956,3141,2
2957,3143,1
2958,3147,3
2959,3148,3
2960,3149,1
2961,3151,5
2962,3152,1
2963,3153,2
2964,3154,2
2965,3155,2
2966,3156,1
2967,3158,2
2968,3161,1
2969,3162,2
2970,3163,1
2971,3165,1
2972,3166,1
2973,3167,1
2974,3169,2
2975,3171,2
2976,3172,1
2977,3173,1
2978,3175,3
2979,3176,2
2980,3178,2
2981,3179,2
2982,3184,1
2983,3186,1
2984,3187,2
2985,3188,3
2986,3191,1
2987,3192,4
2988,3193,1
2989,3194,2
2990,3195,1
2991,3196,2
2992,3197,1
2993,3198,2
2994,3200,2
2995,3204,2
2996,3205,1
2997,3206,1
2998,3207,2
2999,3208,1
3000,3209,1
3001,3210,2
3002,3211,1
3003,3213,1
3004,3214,2
3005,3216,2
3006,3218,1
3007,3219,1
3008,3220,2
3009,3222,1
3010,3223,1
3011,3224,1
3012,3226,1
3013,3227,1
3014,3228,1
3015,3229,1
3016,3230,1
3017,3231,2
3018,3233,2
3019,3234,1
3020,3236,1
3021,3238,2
3022,3239,1
3023,3240,1
3024,3243,1
3025,3246,1
3026,3248,1
3027,3250,3
3028,3251,1
3029,3252,3
3030,3253,1
3031,3254,1
3032,3256,3
3033,3257,2
3034,3260,2
3035,3261,1
3036,3262,2
3037,3263,1
3038,3264,1
3039,3265,2
3040,3266,1
3041,3267,1
3042,3269,1
3043,3271,1
3044,3273,8
3045,3274,2
3046,3275,4
3047,3276,2
3048,3277,1
3049,3279,1
3050,3282,1
3051,3283,3
3052,3286,2
3053,3287,1
3054,3288,2
3055,3292,2
3056,3295,3
3057,3299,1
3058,3300,1
3059,3301,1
3060,3302,2
3061,3304,1
3062,3307,1
3063,3308,4
3064,3313,1
3065,3315,1
3066,3317,3
3067,3319,1
3068,3321,1
3069,3323,1
3070,3324,1
3071,3326,1
3072,3327,1
3073,3328,1
3074,3334,1
3075,3336,3
3076,3337,1
3077,3339,3
3078,3340,1
3079,3341,1
3080,3343,1
3081,3344,1
3082,3345,2
3083,3346,1
3084,3347,4
3085,3348,3
3086,3349,1
3087,3351,2
3088,3352,1
3089,3354,2
3090,3356,2
3091,3359,2
3092,3360,2
3093,3361,1
3094,3362,1
3095,3364,1
3096,3365,1
3097,3366,1
3098,3367,1
3099,3368,1
3100,3370,2
3101,3371,2
3102,3372,1
3103,3373,3
3104,3374,1
3105,3380,1
3106,3383,1
3107,3384,1
3108,3385,2
3109,3389,3
3110,3390,1
3111,3392,1
3112,3393,3
3113,3395,2
3114,3396,1
3115,3397,1
3116,3398,2
3117,3399,1
3118,3400,1
3119,3403,1
3120,3405,2
3121,3409,2
3122,3410,1
3123,3413,2
3124,3414,2
3125,3417,3
3126,3418,3
3127,3420,2
3128,3421,1
3129,3423,1
3130,3425,1
3131,3431,4
3132,3433,1
3133,3435,2
3134,3436,1
3135,3438,1
3136,3442,2
3137,3443,1
3138,3445,2
3139,3447,3
3140,3449,1
3141,3450,1
3142,3453,1
3143,3455,1
3144,3456,2
3145,3458,3
3146,3460,1
3147,3462,1
3148,3463,3
3149,3464,1
3150,3465,1
3151,3467,2
3152,3469,1
3153,3470,2
3154,3471,1
3155,3472,1
3156,3473,1
3157,3475,1
3158,3476,1
3159,3477,1
3160,3478,2
3161,3481,1
3162,3485,2
3163,3486,2
3164,3487,1
3165,3489,1
3166,3491,1
3167,3492,1
3168,3493,1
3169,3495,1
3170,3497,2
3171,3498,1
3172,3499,1
3173,3503,3
3174,3504,1
3175,3505,1
3176,3508,3
3177,3509,4
3178,3512,2
3179,3513,1
3180,3514,1
3181,3516,1
3182,3517,1
3183,3519,1
3184,3520,2
3185,3521,3
3186,3522,1
3187,3525,1
3188,3526,3
3189,3527,2
3190,3529,1
3191,3531,1
3192,3532,1
3193,3534,1
3194,3535,1
3195,3537,1
3196,3539,2
3197,3540,2
3198,3542,1
3199,3543,1
3200,3544,1
3201,3545,1
3202,3546,1
3203,3548,2
3204,3550,1
3205,3551,1
3206,3554,1
3207,3555,1
3208,3556,1
3209,3560,1
3210,3561,3
3211,3563,1
3212,3564,1
3213,3566,1
3214,3568,1
3215,3572,7
3216,3573,3
3217,3574,1
3218,3577,2
3219,3578,1
3220,3582,1
3221,3584,1
3222,3585,2
3223,3587,3
3224,3589,2
3225,3591,1
3226,3593,1
3227,3594,1
3228,3596,1
3229,3598,1
3230,3599,1
3231,3601,1
3232,3604,1
3233,3606,3
3234,3608,1
3235,3610,2
3236,3611,2
3237,3613,6
3238,3614,1
3239,3615,1
3240,3617,1
3241,3619,2
3242,3625,1
3243,3629,2
3244,3637,1
3245,3640,2
3246,3642,1
3247,3645,2
3248,3646,1
3249,3650,2
3250,3651,1
3251,3652,1
3252,3653,4
3253,3656,2
3254,3660,1
3255,3662,1
3256,3664,1
3257,3665,1
3258,3668,1
3259,3671,1
3260,3673,1
3261,3676,1
3262,3677,1
3263,3678,2
3264,3681,2
3265,3682,1
3266,3686,1
3267,3688,1
3268,3689,1
3269,3691,2
3270,3692,1
3271,3693,1
3272,3696,1
3273,3698,1
3274,3699,1
3275,3702,1
3276,3706,1
3277,3710,1
3278,3713,2
3279,3714,2
3280,3715,1
3281,3717,1
3282,3719,1
3283,3720,2
3284,3725,2
3285,3726,1
3286,3727,1
3287,3728,1
3288,3731,6
3289,3732,2
3290,3736,1
3291,3741,2
3292,3743,1
3293,3746,2
3294,3748,1
3295,3750,1
3296,3751,2
3297,3754,2
3298,3756,1
3299,3758,1
3300,3759,2
3301,3760,1
3302,3763,2
3303,3764,1
3304,3765,1
3305,3766,5
3306,3767,2
3307,3771,1
3308,3772,3
3309,3777,1
3310,3779,2
3311,3780,1
3312,3782,2
3313,3785,2
3314,3791,1
3315,3792,1
3316,3795,2
3317,3797,1
3318,3798,1
3319,3800,4
3320,3803,2
3321,3811,2
3322,3813,1
3323,3814,1
3324,3815,1
3325,3817,1
3326,3824,1
3327,3826,2
3328,3829,1
3329,3830,1
3330,3833,1
3331,3834,1
3332,3835,1
3333,3837,2
3334,3840,1
3335,3843,3
3336,3846,1
3337,3854,1
3338,3855,1
3339,3857,1
3340,3866,1
3341,3867,1
3342,3869,3
3343,3873,2
3344,3874,1
3345,3878,1
3346,3879,1
3347,3880,1
3348,3883,2
3349,3884,2
3350,3889,1
3351,3891,1
3352,3892,1
3353,3896,1
3354,3899,1
3355,3902,1
3356,3903,1
3357,3906,1
3358,3907,1
3359,3910,1
3360,3913,1
3361,3914,1
3362,3916,2
3363,3920,1
3364,3923,1
3365,3924,1
3366,3925,1
3367,3926,1
3368,3927,1
3369,3929,1
3370,3931,1
3371,3932,1
3372,3936,1
3373,3939,1
3374,3941,1
3375,3942,1
3376,3943,1
3377,3948,1
3378,3949,1
3379,3955,1
3380,3956,1
3381,3957,1
3382,3958,1
3383,3959,1
3384,3961,1
3385,3962,1
3386,3965,2
3387,3969,1
3388,3971,2
3389,3972,1
3390,3973,1
3391,3975,1
3392,3977,1
3393,3982,1
3394,3986,1
3395,3987,1
3396,3989,1
3397,3995,1
3398,3996,2
3399,3998,2
3400,4001,1
3401,4006,1
3402,4007,1
3403,4008,2
3404,4009,1
3405,4011,1
3406,4012,1
3407,4016,1
3408,4018,1
3409,4025,1
3410,4028,1
3411,4031,2
3412,4032,1
3413,4036,1
3414,4043,1
3415,4045,1
3416,4048,1
3417,4051,1
3418,4052,1
3419,4053,2
3420,4054,2
3421,4055,1
3422,4057,2
3423,4058,1
3424,4062,1
3425,4063,1
3426,4065,1
3427,4066,1
3428,4067,1
3429,4068,1
3430,4073,1
3431,4076,1
3432,4077,2
3433,4080,1
3434,4081,1
3435,4083,3
3436,4084,2
3437,4086,1
3438,4089,1
3439,4091,2
3440,4093,2
3441,4094,2
3442,4100,1
3443,4107,1
3444,4109,1
3445,4111,1
3446,4114,1
3447,4116,2
3448,4118,1
3449,4120,1
3450,4121,1
3451,4123,1
3452,4125,1
3453,4133,1
3454,4135,2
3455,4139,1
3456,4142,2
3457,4145,2
3458,4147,1
3459,4148,1
3460,4151,1
3461,4156,1
3462,4163,1
3463,4166,1
3464,4173,1
3465,4174,1
3466,4175,1
3467,4182,15
3468,4186,1
3469,4187,1
3470,4188,1
3471,4189,1
3472,4192,1
3473,4195,1
3474,4196,1
3475,4206,1
3476,4209,1
3477,4213,1
3478,4217,2
3479,4218,2
3480,4219,2
3481,4220,1
3482,4225,1
3483,4237,1
3484,4238,1
3485,4240,1
3486,4243,1
3487,4246,1
3488,4248,1
3489,4249,1
3490,4252,1
3491,4253,1
3492,4254,1
3493,4261,2
3494,4264,1
3495,4266,1
3496,4271,1
3497,4274,1
3498,4277,1
3499,4284,1
3500,4286,1
3501,4289,1
3502,4290,1
3503,4295,1
3504,4305,1
3505,4307,1
3506,4308,1
3507,4309,1
3508,4313,2
3509,4316,1
3510,4321,1
3511,4327,3
3512,4330,6
3513,4333,1
3514,4334,1
3515,4347,13
3516,4348,1
3517,4351,1
3518,4352,1
3519,4361,1
3520,4362,1
3521,4365,1
3522,4370,1
3523,4373,1
3524,4374,2
3525,4379,1
3526,4380,1
3527,4382,1
3528,4383,1
3529,4385,1
3530,4390,1
3531,4392,1
3532,4404,1
3533,4405,3
3534,4406,1
3535,4412,1
3536,4420,1
3537,4421,1
3538,4423,1
3539,4424,1
3540,4427,1
3541,4429,2
3542,4432,1
3543,4434,1
3544,4438,1
3545,4442,3
3546,4443,2
3547,4446,1
3548,4447,1
3549,4451,1
3550,4452,1
3551,4453,2
3552,4456,1
3553,4457,2
3554,4460,2
3555,4462,1
3556,4466,2
3557,4469,1
3558,4473,1
3559,4483,1
3560,4485,1
3561,4486,1
3562,4490,1
3563,4491,1
3564,4492,1
3565,4497,1
3566,4498,1
3567,4513,1
3568,4515,2
3569,4521,2
3570,4522,1
3571,4529,1
3572,4542,1
3573,4545,1
3574,4546,1
3575,4548,2
3576,4549,1
3577,4553,2
3578,4554,2
3579,4555,1
3580,4558,1
3581,4559,1
3582,4561,2
3583,4562,2
3584,4567,1
3585,4568,1
3586,4571,1
3587,4573,1
3588,4575,1
3589,4582,1
3590,4585,1
3591,4589,1
3592,4593,1
3593,4594,1
3594,4602,2
3595,4608,1
3596,4612,1
3597,4618,1
3598,4622,1
3599,4626,1
3600,4631,1
3601,4632,1
3602,4641,1
3603,4642,1
3604,4644,1
3605,4646,1
3606,4653,1
3607,4656,1
3608,4661,1
3609,4662,1
3610,4671,1
3611,4673,1
3612,4674,2
3613,4675,2
3614,4684,1
3615,4687,1
3616,4688,1
3617,4691,2
3618,4693,1
3619,4703,1
3620,4710,1
3621,4714,1
3622,4716,1
3623,4717,1
3624,4720,1
3625,4721,1
3626,4726,1
3627,4731,2
3628,4732,1
3629,4734,1
3630,4737,1
3631,4738,1
3632,4746,1
3633,4750,2
3634,4754,1
3635,4758,1
3636,4760,1
3637,4764,1
3638,4766,1
3639,4771,1
3640,4779,1
3641,4784,1
3642,4787,1
3643,4788,1
3644,4789,1
3645,4799,1
3646,4800,1
3647,4803,2
3648,4813,1
3649,4818,1
3650,4820,1
3651,4821,2
3652,4827,1
3653,4836,1
3654,4844,1
3655,4849,1
3656,4850,1
3657,4852,1
3658,4857,1
3659,4873,2
3660,4874,1
3661,4877,1
3662,4882,2
3663,4890,2
3664,4891,2
3665,4901,4
3666,4907,1
3667,4909,1
3668,4912,1
3669,4914,1
3670,4916,1
3671,4918,1
3672,4924,1
3673,4930,7
3674,4938,1
3675,4943,1
3676,4946,1
3677,4966,1
3678,4973,1
3679,4978,1
3680,4980,1
3681,4981,1
3682,4982,15
3683,4985,1
3684,4986,2
3685,4988,1
3686,4995,1
3687,4999,1
3688,5001,1
3689,5006,1
3690,5010,2
3691,5011,1
3692,5016,1
3693,5022,1
3694,5027,1
3695,5029,1
3696,5032,1
3697,5033,1
3698,5038,1
3699,5043,1
3700,5048,2
3701,5061,1
3702,5064,1
3703,5070,1
3704,5086,1
3705,5092,1
3706,5100,1
3707,5106,1
3708,5109,1
3709,5123,1
3710,5124,1
3711,5126,1
3712,5130,1
3713,5136,1
3714,5144,1
3715,5152,1
3716,5171,2
3717,5180,1
3718,5190,1
3719,5191,1
3720,5192,1
3721,5197,1
3722,5199,1
3723,5200,1
3724,5204,1
3725,5215,1
3726,5224,1
3727,5235,1
3728,5268,1
3729,5271,1
3730,5272,1
3731,5275,1
3732,5282,1
3733,5298,1
3734,5300,1
3735,5313,1
3736,5314,1
3737,5331,1
3738,5342,1
3739,5343,1
3740,5363,1
3741,5378,1
3742,5379,2
3743,5384,1
3744,5386,1
3745,5401,1
3746,5413,1
3747,5420,1
3748,5427,1
3749,5436,2
3750,5437,1
3751,5443,1
3752,5448,1
3753,5449,1
3754,5450,1
3755,5454,1
3756,5464,1
3757,5470,1
3758,5472,1
3759,5483,1
3760,5488,1
3761,5501,1
3762,5502,1
3763,5508,1
3764,5509,1
3765,5520,1
3766,5529,1
3767,5533,1
3768,5567,2
3769,5578,1
3770,5580,1
3771,5585,1
3772,5608,1
3773,5609,1
3774,5633,1
3775,5648,2
3776,5654,1
3777,5678,2
3778,5679,1
3779,5681,1
3780,5685,1
3781,5695,1
3782,5698,1
3783,5704,1
3784,5705,2
3785,5709,1
3786,5720,1
3787,5737,1
3788,5749,1
3789,5751,2
3790,5758,1
3791,5768,1
3792,5769,1
3793,5773,1
3794,5774,1
3795,5777,1
3796,5780,1
3797,5790,1
3798,5798,1
3799,5830,1
3800,5832,1
3801,5839,1
3802,5841,1
3803,5843,1
3804,5847,1
3805,5854,1
3806,5855,1
3807,5869,1
3808,5885,1
3809,5898,1
3810,5900,1
3811,5907,2
3812,5924,1
3813,5930,1
3814,5931,1
3815,5932,1
3816,5953,1
3817,5956,1
3818,5959,1
3819,5961,1
3820,5962,1
3821,5969,1
3822,5978,3
3823,5988,1
3824,5990,1
3825,5996,1
3826,5997,1
3827,6001,1
3828,6003,1
3829,6009,1
3830,6018,1
3831,6021,1
3832,6022,1
3833,6026,2
3834,6029,1
3835,6033,1
3836,6035,1
3837,6038,1
3838,6039,1
3839,6041,1
3840,6042,1
3841,6054,1
3842,6069,1
3843,6070,1
3844,6072,1
3845,6081,1
3846,6091,1
3847,6092,1
3848,6100,1
3849,6103,1
3850,6105,2
3851,6117,1
3852,6123,1
3853,6127,1
3854,6129,1
3855,6134,1
3856,6151,1
3857,6166,1
3858,6169,1
3859,6170,1
3860,6173,1
3861,6176,1
3862,6179,1
3863,6189,1
3864,6208,1
3865,6209,1
3866,6213,1
3867,6215,1
3868,6223,1
3869,6228,1
3870,6239,1
3871,6243,1
3872,6249,1
3873,6250,1
3874,6254,1
3875,6260,1
3876,6261,1
3877,6273,1
3878,6276,2
3879,6280,1
3880,6294,1
3881,6307,1
3882,6308,1
3883,6347,1
3884,6353,1
3885,6354,1
3886,6355,1
3887,6356,2
3888,6358,2
3889,6364,1
3890,6371,2
3891,6377,1
3892,6379,1
3893,6382,1
3894,6383,2
3895,6387,3
3896,6410,1
3897,6426,1
3898,6440,1
3899,6468,1
3900,6477,1
3901,6480,1
3902,6489,1
3903,6497,1
3904,6498,1
3905,6502,1
3906,6511,2
3907,6513,1
3908,6536,1
3909,6589,1
3910,6592,1
3911,6600,1
3912,6606,1
3913,6620,2
3914,6621,1
3915,6663,1
3916,6665,1
3917,6673,1
3918,6679,1
3919,6703,1
3920,6709,1
3921,6711,1
3922,6712,1
3923,6731,1
3924,6733,2
3925,6739,2
3926,6764,1
3927,6786,1
3928,6801,1
3929,6817,1
3930,6821,1
3931,6829,1
3932,6832,2
3933,6834,1
3934,6835,1
3935,6853,1
3936,6867,1
3937,6881,1
3938,6882,1
3939,6894,1
3940,6909,1
3941,6999,1
3942,7000,1
3943,7038,1
3944,7043,1
3945,7089,1
3946,7148,2
3947,7155,2
3948,7193,1
3949,7221,1
3950,7263,1
3951,7276,1
3952,7288,1
3953,7318,1
3954,7347,1
3955,7386,1
3956,7412,1
3957,7448,1
3958,7450,5
3959,7467,1
3960,7506,1
3961,7546,1
3962,7552,1
3963,7624,1
3964,7642,1
3965,7657,1
3966,7669,1
3967,7682,1
3968,7759,1
3969,7814,1
3970,7907,1
3971,7921,1
3972,7993,2
3973,8008,1
3974,8023,1
3975,8124,1
3976,8161,2
3977,8202,1
3978,8210,1
3979,8318,1
3980,8399,1
3981,8415,1
3982,8491,1
3983,8505,1
3984,8539,1
3985,8564,1
3986,8580,1
3987,8682,1
3988,8731,1
3989,8749,2
3990,8942,1
3991,8946,2
3992,8969,1
3993,9006,2
3994,9049,1
3995,9143,1
3996,9179,1
3997,9203,2
3998,9293,1
3999,9343,1
4000,9373,1
4001,9697,1
4002,9802,1
4003,9974,1
4004,9978,1
4005,9994,1
