,title_length,count
0,1,296
1,2,129
2,3,255
3,4,639
4,5,443
5,6,358
6,7,464
7,8,723
8,9,861
9,10,689
10,11,932
11,12,1200
12,13,1717
13,14,1372
14,15,1442
15,16,1430
16,17,9792
17,18,1738
18,19,1577
19,20,1706
20,21,1758
21,22,1712
22,23,1774
23,24,1863
24,25,1813
25,26,1833
26,27,1893
27,28,1867
28,29,1953
29,30,2186
30,31,1866
31,32,1878
32,33,1834
33,34,1910
34,35,1813
35,36,1759
36,37,1760
37,38,1686
38,39,1623
39,40,1675
40,41,1613
41,42,1620
42,43,1984
43,44,1501
44,45,1564
45,46,1409
46,47,1495
47,48,1311
48,49,1248
49,50,1219
50,51,1213
51,52,1240
52,53,1131
53,54,1098
54,55,1138
55,56,1055
56,57,1009
57,58,1043
58,59,971
59,60,927
60,61,874
61,62,900
62,63,810
63,64,797
64,65,786
65,66,761
66,67,773
67,68,717
68,69,678
69,70,701
70,71,621
71,72,667
72,73,619
73,74,566
74,75,545
75,76,598
76,77,551
77,78,510
78,79,483
79,80,471
80,81,468
81,82,439
82,83,421
83,84,435
84,85,399
85,86,395
86,87,369
87,88,392
88,89,392
89,90,348
90,91,298
91,92,310
92,93,293
93,94,290
94,95,277
95,96,285
96,97,280
97,98,273
98,99,272
99,100,265
100,101,222
101,102,220
102,103,216
103,104,223
104,105,199
105,106,204
106,107,200
107,108,197
108,109,169
109,110,189
110,111,187
111,112,154
112,113,160
113,114,131
114,115,131
115,116,135
116,117,133
117,118,144
118,119,140
119,120,136
120,121,107
121,122,120
122,123,125
123,124,112
124,125,123
125,126,96
126,127,112
127,128,96
128,129,73
129,130,90
130,131,99
131,132,85
132,133,82
133,134,78
134,135,83
135,136,81
136,137,72
137,138,89
138,139,94
139,140,81
140,141,61
141,142,77
142,143,63
143,144,82
144,145,72
145,146,52
146,147,53
147,148,65
148,149,59
149,150,57
150,151,62
151,152,70
152,153,51
153,154,65
154,155,65
155,156,62
156,157,55
157,158,61
158,159,46
159,160,38
160,161,42
161,162,38
162,163,55
163,164,40
164,165,46
165,166,48
166,167,37
167,168,25
168,169,29
169,170,33
170,171,38
171,172,28
172,173,37
173,174,38
174,175,37
175,176,35
176,177,35
177,178,35
178,179,44
179,180,30
180,181,19
181,182,28
182,183,24
183,184,24
184,185,24
185,186,30
186,187,27
187,188,26
188,189,30
189,190,23
190,191,17
191,192,19
192,193,33
193,194,19
194,195,26
195,196,25
196,197,24
197,198,21
198,199,17
199,200,20
200,201,17
201,202,26
202,203,18
203,204,16
204,205,23
205,206,17
206,207,14
207,208,16
208,209,28
209,210,21
210,211,13
211,212,19
212,213,20
213,214,11
214,215,14
215,216,20
216,217,15
217,218,7
218,219,17
219,220,22
220,221,9
221,222,14
222,223,7
223,224,16
224,225,15
225,226,13
226,227,12
227,228,10
228,229,18
229,230,16
230,231,16
231,232,11
232,233,12
233,234,9
234,235,12
235,236,3
236,237,9
237,238,6
238,239,7
239,240,15
240,241,10
241,242,9
242,243,6
243,244,10
244,245,7
245,246,10
246,247,7
247,248,7
248,249,13
249,250,8
250,251,10
251,252,2
252,253,7
253,254,12
254,255,7
255,256,7
256,257,12
257,258,4
258,259,8
259,260,5
260,261,8
261,262,5
262,263,9
263,264,7
264,265,5
265,266,6
266,267,5
267,268,14
268,269,9
269,270,15
270,271,9
271,272,3
272,273,10
273,274,18
274,275,12
275,276,12
276,277,3
277,278,5
278,279,7
279,280,6
280,281,9
281,282,9
282,283,11
283,284,9
284,285,7
285,286,10
286,287,9
287,288,7
288,289,6
289,290,6
290,291,10
291,292,23
292,293,16
293,294,12
294,295,8
295,296,18
296,297,21
297,298,18
298,299,29
299,300,44
300,301,1
301,303,4
302,304,2
303,305,2
304,308,1
305,312,2
