submission_year,submission_month,count(submission_title),avg_num_comments,avg_score
2021,1,4513,10.03,70.35
2021,2,3885,9.78,72.84
2021,3,4343,10.4,66.32
2021,4,3982,10.25,62.2
2021,5,4050,10.32,60.95
2021,6,4749,10.77,61.99
2021,7,4551,13.41,75.94
2021,8,4931,15.42,60.96
2021,9,4426,12.61,46.52
2021,10,4295,14.43,44.72
2021,11,4370,19.81,22.13
2021,12,5021,16.62,16.4
2022,1,4655,19.85,17.81
2022,2,4248,19.41,15.89
2022,3,5560,13.56,28.26
2022,4,4972,13.81,17.01
2022,5,4868,12.97,17.47
2022,6,4612,14.57,12.44
2022,7,4977,14.99,11.82
2022,8,4818,14.18,12.08
2022,9,4032,14.73,9.45
2022,10,3843,15.55,8.04
2022,11,3784,15.37,8.46
2022,12,4741,14.37,14.05
2023,1,4273,15.05,19.57
2023,2,3431,15.69,18.33
2023,3,3444,19.64,19.94
