S No,AGE,HEIGHT,WEIGHT,SEX,ACTIVITY LEVEL,MBTI,E,I,S,N,T,F,J,P,POSTURE,total_pain,SEXIndex,SEXOHE,ACTIVITY LEVELIndex,ACTIVITY LEVELOHE,POSTUREIndex,POSTUREOHE,features,prediction
1,53,62,125,Female,Low,ESFJ,18,3,17,9,9,13,18,4,A,0.0,0.0,"(1,[0],[1.0])",0.0,"(2,[0],[1.0])",1.0,"(3,[1],[1.0])","[53.0,62.0,125.0,1.0,1.0,0.0,18.0,17.0,9.0,18.0,0.0,1.0,0.0]",7.899004473746081
2,52,69,157,Male,High,ISTJ,6,15,14,12,21,3,13,9,B,23.0,1.0,"(1,[],[])",2.0,"(2,[],[])",0.0,"(3,[0],[1.0])","[52.0,69.0,157.0,0.0,0.0,0.0,6.0,14.0,21.0,13.0,1.0,0.0,0.0]",13.547184759892193
4,51,66,175,Male,Moderate,ISTJ,6,15,21,5,13,11,19,3,D,30.0,1.0,"(1,[],[])",1.0,"(2,[1],[1.0])",2.0,"(3,[2],[1.0])","[51.0,66.0,175.0,0.0,0.0,1.0,6.0,21.0,13.0,19.0,0.0,0.0,1.0]",16.453227192208082
5,45,63,199,Female,Moderate,ENFJ,14,7,20,6,9,15,16,6,A,13.0,0.0,"(1,[0],[1.0])",1.0,"(2,[1],[1.0])",1.0,"(3,[1],[1.0])","[45.0,63.0,199.0,1.0,0.0,1.0,14.0,20.0,9.0,16.0,0.0,1.0,0.0]",12.915264231184757
6,68,74,182,Male,Low,ISFP,4,17,17,9,11,13,4,18,D,4.0,1.0,"(1,[],[])",0.0,"(2,[0],[1.0])",2.0,"(3,[2],[1.0])","[68.0,74.0,182.0,0.0,1.0,0.0,4.0,17.0,11.0,4.0,0.0,0.0,1.0]",9.316282700808497
8,65,61,143,Female,Low,ESTJ,17,4,17,9,19,5,17,5,D,24.0,0.0,"(1,[0],[1.0])",0.0,"(2,[0],[1.0])",2.0,"(3,[2],[1.0])","[65.0,61.0,143.0,1.0,1.0,0.0,17.0,17.0,19.0,17.0,0.0,0.0,1.0]",18.029539093590145
10,58,69,165,Male,Low,INFJ,5,16,13,13,11,13,17,5,D,17.5,1.0,"(1,[],[])",0.0,"(2,[0],[1.0])",2.0,"(3,[2],[1.0])","[58.0,69.0,165.0,0.0,1.0,0.0,5.0,13.0,11.0,17.0,0.0,0.0,1.0]",12.862250589120222
11,61,67,210,Male,Low,ENTP,11,10,6,20,16,8,10,12,B,14.0,1.0,"(1,[],[])",0.0,"(2,[0],[1.0])",0.0,"(3,[0],[1.0])","[61.0,67.0,210.0,0.0,1.0,0.0,11.0,6.0,16.0,10.0,1.0,0.0,0.0]",14.06808970635768
12,33,62,120,Female,Low,ISFJ,2,19,22,4,9,15,12,10,B,3.0,0.0,"(1,[0],[1.0])",0.0,"(2,[0],[1.0])",0.0,"(3,[0],[1.0])","[33.0,62.0,120.0,1.0,1.0,0.0,2.0,22.0,9.0,12.0,1.0,0.0,0.0]",9.5758519004314
13,48,64,127,Female,Low,ESFJ,13,8,14,12,9,15,14,8,D,27.0,0.0,"(1,[0],[1.0])",0.0,"(2,[0],[1.0])",2.0,"(3,[2],[1.0])","[48.0,64.0,127.0,1.0,1.0,0.0,13.0,14.0,9.0,14.0,0.0,0.0,1.0]",14.519537390035243
15,30,69,190,Male,Moderate,ESTP,20,1,22,4,13,11,7,15,A,11.0,1.0,"(1,[],[])",1.0,"(2,[1],[1.0])",1.0,"(3,[1],[1.0])","[30.0,69.0,190.0,0.0,0.0,1.0,20.0,22.0,13.0,7.0,0.0,1.0,0.0]",6.174434229340417
16,62,71,165,Male,Low,ISTJ,2,19,14,12,22,2,19,3,D,1.0,1.0,"(1,[],[])",0.0,"(2,[0],[1.0])",2.0,"(3,[2],[1.0])","[62.0,71.0,165.0,0.0,1.0,0.0,2.0,14.0,22.0,19.0,0.0,0.0,1.0]",14.152513502113447
17,59,66,138,Female,Low,ESTJ,12,9,18,8,14,10,20,2,A,21.0,0.0,"(1,[0],[1.0])",0.0,"(2,[0],[1.0])",1.0,"(3,[1],[1.0])","[59.0,66.0,138.0,1.0,1.0,0.0,12.0,18.0,14.0,20.0,0.0,1.0,0.0]",8.429510864237265
18,33,72,171,Male,Moderate,ENFP,17,4,10,16,11,13,4,18,B,21.0,1.0,"(1,[],[])",1.0,"(2,[1],[1.0])",0.0,"(3,[0],[1.0])","[33.0,72.0,171.0,0.0,0.0,1.0,17.0,10.0,11.0,4.0,1.0,0.0,0.0]",11.630714595773235
21,63,66,185,Female,Low,INFP,2,19,10,16,10,14,11,11,D,18.0,0.0,"(1,[0],[1.0])",0.0,"(2,[0],[1.0])",2.0,"(3,[2],[1.0])","[63.0,66.0,185.0,1.0,1.0,0.0,2.0,10.0,10.0,11.0,0.0,0.0,1.0]",16.684932486670988
22,64,69,176,Male,Low,ESTP,13,8,25,1,18,6,8,14,B,2.0,1.0,"(1,[],[])",0.0,"(2,[0],[1.0])",0.0,"(3,[0],[1.0])","[64.0,69.0,176.0,0.0,1.0,0.0,13.0,25.0,18.0,8.0,1.0,0.0,0.0]",8.763059959584005
23,71,68,156,Female,Low,ESTP,13,8,15,11,16,8,7,15,B,16.0,0.0,"(1,[0],[1.0])",0.0,"(2,[0],[1.0])",0.0,"(3,[0],[1.0])","[71.0,68.0,156.0,1.0,1.0,0.0,13.0,15.0,16.0,7.0,1.0,0.0,0.0]",12.927997035517604
24,71,61,140,Female,Low,ESFJ,12,9,23,3,5,19,16,6,D,22.0,0.0,"(1,[0],[1.0])",0.0,"(2,[0],[1.0])",2.0,"(3,[2],[1.0])","[71.0,61.0,140.0,1.0,1.0,0.0,12.0,23.0,5.0,16.0,0.0,0.0,1.0]",14.590781279819344
25,50,60,118,Female,Moderate,INFJ,2,19,11,15,1,23,12,10,C,14.0,0.0,"(1,[0],[1.0])",1.0,"(2,[1],[1.0])",3.0,"(3,[],[])","[50.0,60.0,118.0,1.0,0.0,1.0,2.0,11.0,1.0,12.0,0.0,0.0,0.0]",13.47753023016537
26,41,65,133,Female,Low,ISFJ,3,18,20,6,5,19,14,9,C,11.0,0.0,"(1,[0],[1.0])",0.0,"(2,[0],[1.0])",3.0,"(3,[],[])","[41.0,65.0,133.0,1.0,1.0,0.0,3.0,20.0,5.0,14.0,0.0,0.0,0.0]",8.726013828475864
27,36,68,165,Male,High,ESTP,16,5,20,6,15,9,7,15,A,2.0,1.0,"(1,[],[])",2.0,"(2,[],[])",1.0,"(3,[1],[1.0])","[36.0,68.0,165.0,0.0,0.0,0.0,16.0,20.0,15.0,7.0,0.0,1.0,0.0]",5.2853927352644465
29,26,65,150,Male,Low,ENTJ,15,6,12,14,13,11,19,3,D,4.0,1.0,"(1,[],[])",0.0,"(2,[0],[1.0])",2.0,"(3,[2],[1.0])","[26.0,65.0,150.0,0.0,1.0,0.0,15.0,12.0,13.0,19.0,0.0,0.0,1.0]",13.460403890538945
30,43,63,175,Male,Moderate,ENFP,21,0,5,21,1,23,0,22,A,5.0,1.0,"(1,[],[])",1.0,"(2,[1],[1.0])",1.0,"(3,[1],[1.0])","[43.0,63.0,175.0,0.0,0.0,1.0,21.0,5.0,1.0,0.0,0.0,1.0,0.0]",7.183673770101557
31,46,66,222,Male,Low,ESFP,18,3,14,12,12,12,2,20,A,8.0,1.0,"(1,[],[])",0.0,"(2,[0],[1.0])",1.0,"(3,[1],[1.0])","[46.0,66.0,222.0,0.0,1.0,0.0,18.0,14.0,12.0,2.0,0.0,1.0,0.0]",5.308514764862972
32,47,69,152,Male,Low,ESTJ,12,9,19,7,14,10,17,5,D,9.0,1.0,"(1,[],[])",0.0,"(2,[0],[1.0])",2.0,"(3,[2],[1.0])","[47.0,69.0,152.0,0.0,1.0,0.0,12.0,19.0,14.0,17.0,0.0,0.0,1.0]",11.660503035485824
33,20,67,135,Male,Low,ESTP,15,6,14,12,14,10,3,19,B,7.0,1.0,"(1,[],[])",0.0,"(2,[0],[1.0])",0.0,"(3,[0],[1.0])","[20.0,67.0,135.0,0.0,1.0,0.0,15.0,14.0,14.0,3.0,1.0,0.0,0.0]",6.5097973344983435
35,54,62,190,Female,Low,ISFP,4,17,21,5,9,15,4,18,D,9.0,0.0,"(1,[0],[1.0])",0.0,"(2,[0],[1.0])",2.0,"(3,[2],[1.0])","[54.0,62.0,190.0,1.0,1.0,0.0,4.0,21.0,9.0,4.0,0.0,0.0,1.0]",13.861943622296707
39,61,63,155,Male,Low,ESTP,18,3,23,3,15,9,6,16,B,16.5,1.0,"(1,[],[])",0.0,"(2,[0],[1.0])",0.0,"(3,[0],[1.0])","[61.0,63.0,155.0,0.0,1.0,0.0,18.0,23.0,15.0,6.0,1.0,0.0,0.0]",8.778324055414611
40,49,69,190,Male,Low,ENFJ,13,8,10,16,8,16,20,2,B,19.0,1.0,"(1,[],[])",0.0,"(2,[0],[1.0])",0.0,"(3,[0],[1.0])","[49.0,69.0,190.0,0.0,1.0,0.0,13.0,10.0,8.0,20.0,1.0,0.0,0.0]",12.883067215928678
41,17,69,145,Male,Moderate,INFP,9,12,8,18,6,18,11,11,C,9.0,1.0,"(1,[],[])",1.0,"(2,[1],[1.0])",3.0,"(3,[],[])","[17.0,69.0,145.0,0.0,0.0,1.0,9.0,8.0,6.0,11.0,0.0,0.0,0.0]",9.956946775102207
42,57,70,160,Male,Low,ISFP,6,14,17,9,12,12,11,11,D,7.0,1.0,"(1,[],[])",0.0,"(2,[0],[1.0])",2.0,"(3,[2],[1.0])","[57.0,70.0,160.0,0.0,1.0,0.0,6.0,17.0,12.0,11.0,0.0,0.0,1.0]",10.578252127318214
43,82,60,159,Male,Low,ESFP,21,0,20,6,6,18,2,20,A,0.0,1.0,"(1,[],[])",0.0,"(2,[0],[1.0])",1.0,"(3,[1],[1.0])","[82.0,60.0,159.0,0.0,1.0,0.0,21.0,20.0,6.0,2.0,0.0,1.0,0.0]",3.1935986265134204
44,48,61,138,Female,Low,ENFP,21,0,10,16,4,20,1,21,A,0.0,0.0,"(1,[0],[1.0])",0.0,"(2,[0],[1.0])",1.0,"(3,[1],[1.0])","[48.0,61.0,138.0,1.0,1.0,0.0,21.0,10.0,4.0,1.0,0.0,1.0,0.0]",5.612570321884347
45,80,59,115,Female,Low,ENFP,19,2,11,15,6,18,3,19,A,0.0,0.0,"(1,[0],[1.0])",0.0,"(2,[0],[1.0])",1.0,"(3,[1],[1.0])","[80.0,59.0,115.0,1.0,1.0,0.0,19.0,11.0,6.0,3.0,0.0,1.0,0.0]",6.440143236872994
46,66,66,184,Male,Low,ISTJ,10,11,18,8,21,3,14,8,D,7.0,1.0,"(1,[],[])",0.0,"(2,[0],[1.0])",2.0,"(3,[2],[1.0])","[66.0,66.0,184.0,0.0,1.0,0.0,10.0,18.0,21.0,14.0,0.0,0.0,1.0]",14.610583676970997
47,63,62,150,Female,Low,ISFP,9,12,20,6,0,24,4,18,D,16.0,0.0,"(1,[0],[1.0])",0.0,"(2,[0],[1.0])",2.0,"(3,[2],[1.0])","[63.0,62.0,150.0,1.0,1.0,0.0,9.0,20.0,0.0,4.0,0.0,0.0,1.0]",11.678414904369525
49,20,68,155,Male,Low,ESTP,16,5,17,9,15,9,10,12,B,8.0,1.0,"(1,[],[])",0.0,"(2,[0],[1.0])",0.0,"(3,[0],[1.0])","[20.0,68.0,155.0,0.0,1.0,0.0,16.0,17.0,15.0,10.0,1.0,0.0,0.0]",8.32646621405711
50,18,66,150,Female,Low,INFJ,7,12,13,13,8,16,18,4,B,17.0,0.0,"(1,[0],[1.0])",0.0,"(2,[0],[1.0])",0.0,"(3,[0],[1.0])","[18.0,66.0,150.0,1.0,1.0,0.0,7.0,13.0,8.0,18.0,1.0,0.0,0.0]",12.696635622267523
51,56,62,130,Female,Low,ESFP,18,3,21,4,5,19,10,12,C,2.0,0.0,"(1,[0],[1.0])",0.0,"(2,[0],[1.0])",3.0,"(3,[],[])","[56.0,62.0,130.0,1.0,1.0,0.0,18.0,21.0,5.0,10.0,0.0,0.0,0.0]",9.492552654621093
52,56,64,165,Male,Low,ENTP,16,5,12,14,16,8,4,17,B,5.0,1.0,"(1,[],[])",0.0,"(2,[0],[1.0])",0.0,"(3,[0],[1.0])","[56.0,64.0,165.0,0.0,1.0,0.0,16.0,12.0,16.0,4.0,1.0,0.0,0.0]",10.458754409074306
53,50,65,172,Female,Low,ESFP,14,7,19,7,1,23,5,17,A,3.0,0.0,"(1,[0],[1.0])",0.0,"(2,[0],[1.0])",1.0,"(3,[1],[1.0])","[50.0,65.0,172.0,1.0,1.0,0.0,14.0,19.0,1.0,5.0,0.0,1.0,0.0]",4.7448061748644985
54,19,68,113,Female,Low,INFJ,7,14,18,8,12,12,14,8,D,12.0,0.0,"(1,[0],[1.0])",0.0,"(2,[0],[1.0])",2.0,"(3,[2],[1.0])","[19.0,68.0,113.0,1.0,1.0,0.0,7.0,18.0,12.0,14.0,0.0,0.0,1.0]",11.51936787446082
55,47,63,128,Female,Low,ESFJ,16,5,16,10,10,14,14,8,B,22.0,0.0,"(1,[0],[1.0])",0.0,"(2,[0],[1.0])",0.0,"(3,[0],[1.0])","[47.0,63.0,128.0,1.0,1.0,0.0,16.0,16.0,10.0,14.0,1.0,0.0,0.0]",12.644974099244264
56,62,61,150,Female,Low,ESTJ,17,4,20,6,8,16,16,6,B,8.0,0.0,"(1,[0],[1.0])",0.0,"(2,[0],[1.0])",0.0,"(3,[0],[1.0])","[62.0,61.0,150.0,1.0,1.0,0.0,17.0,20.0,8.0,16.0,1.0,0.0,0.0]",13.95474373138026
57,29,68,145,Female,Moderate,ESFP,19,2,16,10,4,20,6,16,B,11.0,0.0,"(1,[0],[1.0])",1.0,"(2,[1],[1.0])",0.0,"(3,[0],[1.0])","[29.0,68.0,145.0,1.0,0.0,1.0,19.0,16.0,4.0,6.0,1.0,0.0,0.0]",12.93504911306452
58,20,70,250,Male,Low,ESFP,17,4,14,12,7,17,4,18,B,19.0,1.0,"(1,[],[])",0.0,"(2,[0],[1.0])",0.0,"(3,[0],[1.0])","[20.0,70.0,250.0,0.0,1.0,0.0,17.0,14.0,7.0,4.0,1.0,0.0,0.0]",10.256418040374545
60,43,64,183,Male,Low,ISTP,4,17,15,11,15,9,9,13,B,7.0,1.0,"(1,[],[])",0.0,"(2,[0],[1.0])",0.0,"(3,[0],[1.0])","[43.0,64.0,183.0,0.0,1.0,0.0,4.0,15.0,15.0,9.0,1.0,0.0,0.0]",10.521278817647044
61,42,63,166,Female,Low,ESFJ,21,0,20,6,3,21,16,6,B,8.0,0.0,"(1,[0],[1.0])",0.0,"(2,[0],[1.0])",0.0,"(3,[0],[1.0])","[42.0,63.0,166.0,1.0,1.0,0.0,21.0,20.0,3.0,16.0,1.0,0.0,0.0]",13.164943520327537
62,25,67,160,Male,Low,ESTP,16,5,19,7,19,5,7,15,A,13.0,1.0,"(1,[],[])",0.0,"(2,[0],[1.0])",1.0,"(3,[1],[1.0])","[25.0,67.0,160.0,0.0,1.0,0.0,16.0,19.0,19.0,7.0,0.0,1.0,0.0]",2.7592552011596663
63,21,62,118,Female,Low,ESFP,11,10,19,7,10,14,5,17,B,16.5,0.0,"(1,[0],[1.0])",0.0,"(2,[0],[1.0])",0.0,"(3,[0],[1.0])","[21.0,62.0,118.0,1.0,1.0,0.0,11.0,19.0,10.0,5.0,1.0,0.0,0.0]",8.803253128109425
64,28,62,200,Male,Low,ENTP,18,3,11,15,20,4,9,13,C,13.0,1.0,"(1,[],[])",0.0,"(2,[0],[1.0])",3.0,"(3,[],[])","[28.0,62.0,200.0,0.0,1.0,0.0,18.0,11.0,20.0,9.0,0.0,0.0,0.0]",12.01502255059784
65,42,70,170,Male,Low,ESFP,18,3,17,9,5,19,6,16,A,4.0,1.0,"(1,[],[])",0.0,"(2,[0],[1.0])",1.0,"(3,[1],[1.0])","[42.0,70.0,170.0,0.0,1.0,0.0,18.0,17.0,5.0,6.0,0.0,1.0,0.0]",1.5060758055076189
66,18,62,110,Female,Low,ISTJ,4,17,22,4,13,11,20,2,B,9.0,0.0,"(1,[0],[1.0])",0.0,"(2,[0],[1.0])",0.0,"(3,[0],[1.0])","[18.0,62.0,110.0,1.0,1.0,0.0,4.0,22.0,13.0,20.0,1.0,0.0,0.0]",11.05147855757049
67,24,73,155,Male,High,INTJ,5,16,9,17,14,10,17,5,C,5.0,1.0,"(1,[],[])",2.0,"(2,[],[])",3.0,"(3,[],[])","(13,[0,1,2,6,7,8,9],[24.0,73.0,155.0,5.0,9.0,14.0,17.0])",11.167422504843179
69,60,68,222,Male,Low,ISTP,7,14,19,7,15,9,3,19,C,4.0,1.0,"(1,[],[])",0.0,"(2,[0],[1.0])",3.0,"(3,[],[])","[60.0,68.0,222.0,0.0,1.0,0.0,7.0,19.0,15.0,3.0,0.0,0.0,0.0]",8.707021667914386
70,37,60,105,Female,Low,INFP,9,12,9,17,4,20,2,20,D,18.0,0.0,"(1,[0],[1.0])",0.0,"(2,[0],[1.0])",2.0,"(3,[2],[1.0])","[37.0,60.0,105.0,1.0,1.0,0.0,9.0,9.0,4.0,2.0,0.0,0.0,1.0]",11.438889662248425
72,45,67,148,Male,Low,ISFJ,5,16,18,8,12,12,17,5,C,10.0,1.0,"(1,[],[])",0.0,"(2,[0],[1.0])",3.0,"(3,[],[])","[45.0,67.0,148.0,0.0,1.0,0.0,5.0,18.0,12.0,17.0,0.0,0.0,0.0]",7.922777676690343
75,49,71,230,Male,Moderate,ESTJ,15,6,15,11,18,6,17,5,B,8.0,1.0,"(1,[],[])",1.0,"(2,[1],[1.0])",0.0,"(3,[0],[1.0])","[49.0,71.0,230.0,0.0,0.0,1.0,15.0,15.0,18.0,17.0,1.0,0.0,0.0]",17.60368965028848
76,45,67,160,Female,Low,ISFJ,3,18,17,9,12,12,18,4,A,4.0,0.0,"(1,[0],[1.0])",0.0,"(2,[0],[1.0])",1.0,"(3,[1],[1.0])","[45.0,67.0,160.0,1.0,1.0,0.0,3.0,17.0,12.0,18.0,0.0,1.0,0.0]",7.694565862368094
79,75,63,143,Female,Low,ESTJ,12,9,17,9,13,11,16,6,B,20.0,0.0,"(1,[0],[1.0])",0.0,"(2,[0],[1.0])",0.0,"(3,[0],[1.0])","[75.0,63.0,143.0,1.0,1.0,0.0,12.0,17.0,13.0,16.0,1.0,0.0,0.0]",14.604848583390304
80,44,66,200,Female,Low,ENFP,18,3,9,17,5,19,11,11,B,7.0,0.0,"(1,[0],[1.0])",0.0,"(2,[0],[1.0])",0.0,"(3,[0],[1.0])","[44.0,66.0,200.0,1.0,1.0,0.0,18.0,9.0,5.0,11.0,1.0,0.0,0.0]",15.133639902878242
81,48,71,145,Male,Low,INFP,3,18,11,15,6,18,4,18,C,11.0,1.0,"(1,[],[])",0.0,"(2,[0],[1.0])",3.0,"(3,[],[])","[48.0,71.0,145.0,0.0,1.0,0.0,3.0,11.0,6.0,4.0,0.0,0.0,0.0]",4.641829248805452
82,49,64,155,Female,Low,ESFP,12,9,16,10,4,19,9,13,C,19.0,0.0,"(1,[0],[1.0])",0.0,"(2,[0],[1.0])",3.0,"(3,[],[])","[49.0,64.0,155.0,1.0,1.0,0.0,12.0,16.0,4.0,9.0,0.0,0.0,0.0]",10.169149899597901
84,39,60,88,Female,Low,ESFP,13,8,12,14,7,16,5,17,B,4.0,0.0,"(1,[0],[1.0])",0.0,"(2,[0],[1.0])",0.0,"(3,[0],[1.0])","[39.0,60.0,88.0,1.0,1.0,0.0,13.0,12.0,7.0,5.0,1.0,0.0,0.0]",9.476108747158829
85,19,68,125,Female,Low,ENTJ,18,3,9,17,6,18,12,10,D,3.0,0.0,"(1,[0],[1.0])",0.0,"(2,[0],[1.0])",2.0,"(3,[2],[1.0])","[19.0,68.0,125.0,1.0,1.0,0.0,18.0,9.0,6.0,12.0,0.0,0.0,1.0]",13.082576971944706
87,55,65,198,Male,Low,ENTP,20,1,12,14,18,6,2,20,A,17.5,1.0,"(1,[],[])",0.0,"(2,[0],[1.0])",1.0,"(3,[1],[1.0])","[55.0,65.0,198.0,0.0,1.0,0.0,20.0,12.0,18.0,2.0,0.0,1.0,0.0]",6.0533759392323265
89,22,65,193,Female,Low,ESFJ,17,4,14,12,7,17,15,7,B,19.0,0.0,"(1,[0],[1.0])",0.0,"(2,[0],[1.0])",0.0,"(3,[0],[1.0])","[22.0,65.0,193.0,1.0,1.0,0.0,17.0,14.0,7.0,15.0,1.0,0.0,0.0]",14.489926926473823
90,56,67,150,Female,Low,ISFP,9,12,15,11,4,20,5,17,C,7.0,0.0,"(1,[0],[1.0])",0.0,"(2,[0],[1.0])",3.0,"(3,[],[])","[56.0,67.0,150.0,1.0,1.0,0.0,9.0,15.0,4.0,5.0,0.0,0.0,0.0]",8.723732963186333
91,29,65,125,Female,Moderate,ENFP,19,2,13,13,12,12,10,12,A,6.0,0.0,"(1,[0],[1.0])",1.0,"(2,[1],[1.0])",1.0,"(3,[1],[1.0])","[29.0,65.0,125.0,1.0,0.0,1.0,19.0,13.0,12.0,10.0,0.0,1.0,0.0]",9.500167917740352
92,16,69,130,Female,Moderate,ENFJ,19,2,9,17,2,22,12,10,B,17.0,0.0,"(1,[0],[1.0])",1.0,"(2,[1],[1.0])",0.0,"(3,[0],[1.0])","[16.0,69.0,130.0,1.0,0.0,1.0,19.0,9.0,2.0,12.0,1.0,0.0,0.0]",13.985505264421242
93,16,58,100,Male,Moderate,ESTP,19,2,22,4,19,5,2,20,B,3.0,1.0,"(1,[],[])",1.0,"(2,[1],[1.0])",0.0,"(3,[0],[1.0])","[16.0,58.0,100.0,0.0,0.0,1.0,19.0,22.0,19.0,2.0,1.0,0.0,0.0]",9.3841511854906
95,43,69,188,Male,Moderate,ENFP,12,9,9,17,6,18,2,20,A,2.0,1.0,"(1,[],[])",1.0,"(2,[1],[1.0])",1.0,"(3,[1],[1.0])","[43.0,69.0,188.0,0.0,0.0,1.0,12.0,9.0,6.0,2.0,0.0,1.0,0.0]",6.399822922559599
96,28,67,180,Female,Low,ESFJ,11,10,22,14,8,16,14,8,B,0.0,0.0,"(1,[0],[1.0])",0.0,"(2,[0],[1.0])",0.0,"(3,[0],[1.0])","[28.0,67.0,180.0,1.0,1.0,0.0,11.0,22.0,8.0,14.0,1.0,0.0,0.0]",11.824047923383716
97,43,69,188,Male,Moderate,ENFP,12,9,9,17,6,18,2,20,A,4.0,1.0,"(1,[],[])",1.0,"(2,[1],[1.0])",1.0,"(3,[1],[1.0])","[43.0,69.0,188.0,0.0,0.0,1.0,12.0,9.0,6.0,2.0,0.0,1.0,0.0]",6.399822922559599
